position,candidate_top1,oracle_top1,kl,relative_nll_delta,max_logit_error
0,846,846,0.00004564,0.01287103,0.07803726
1,198,198,0.00000000,0.01603376,0.07079506
2,2,2,0.00071092,0.03071376,0.39957523
3,513,513,0.00001046,0.03302653,0.12093920
4,264,264,0.00039353,0.06802337,0.46208328
5,10631,10631,0.00009180,0.00557094,0.08197403
6,54476,54476,0.00823096,0.02651245,0.68640113
7,17313,17313,0.01729129,0.93892852,2.22908139
8,248046,248046,0.00017158,0.13304929,0.90783834
9,248046,248046,0.00000000,0.00851389,2.39492464
10,279,279,0.07457785,0.03807835,1.67926216
11,12688,12688,0.01349222,0.04627363,3.07015443
12,248046,248046,0.07809618,0.38345320,2.33851242
13,12688,37027,0.61541675,0.03527549,2.88008261
14,31626,31626,0.02320704,0.05159881,1.42445862
15,248046,248046,0.00001360,0.01763213,0.86355901
16,9468,9468,0.00170703,0.06095132,1.06987596
17,35932,35932,0.02222030,0.01439789,0.98689264
18,248046,248046,0.00000076,0.00818727,1.10840607
19,248046,248046,0.00000000,0.26985542,1.12577486
20,198,198,0.00000000,0.13112155,0.46544862
21,248045,248045,0.00000001,0.50600825,0.64641237
22,846,846,0.00000364,0.28240941,0.79897690
23,198,198,0.00000088,0.00139072,1.27173162
24,248046,248046,0.00877047,0.03623253,0.97974730
25,248046,248046,0.00109296,0.01646420,0.82154560
26,248046,248046,0.01033764,0.11708374,1.68082190
27,248046,248046,0.00000015,0.10412902,2.06670380
28,248046,248046,0.00000000,0.00441506,1.13266087
29,248046,248046,0.00001235,0.02403014,0.31574297
30,248046,248046,0.00007910,0.01098259,0.38006401
31,248046,248046,0.00000053,0.01037421,0.36258674
32,248046,248046,0.00000000,0.00724443,0.43966675
33,248046,248046,0.00207830,0.09625099,0.54485297
34,248046,248046,0.03484154,0.05337452,0.52245522
35,248046,248046,0.01917269,0.06834151,0.61788368
36,248046,248046,0.01407290,0.11814209,0.50218582
37,248046,248046,0.00000016,0.02821422,0.49273014
38,248046,248046,0.00000001,0.00375591,0.45710468
39,248046,248046,0.00006912,0.06085324,0.88420033
40,248046,248046,0.00000061,0.03788826,0.46223640
41,248046,248046,0.00001980,0.00509401,0.88287354
42,248046,248046,0.00037943,0.03688042,0.61426258
43,248046,248046,0.00129455,0.01719773,0.72979069
44,248046,248046,0.00824912,0.16834574,0.68127775
45,248046,248046,0.00000748,0.01743158,0.46823120
46,248046,248046,0.00000035,0.00530830,0.47019893
47,248046,248046,0.00001518,0.00301092,0.46119499
48,248046,248046,0.00014749,0.00933097,0.77381086
49,248046,248046,0.00591812,0.04406819,1.67506361
50,248046,248046,0.00001261,0.00357769,0.67454624
51,248046,248046,0.00000234,0.02053726,0.43393898
52,248046,248046,0.00000000,0.02029965,0.63076174
53,248046,248046,0.00000001,0.34744238,0.54496241
54,198,198,0.00000000,0.06175808,0.50006342
55,248045,248045,0.00000001,0.33987419,0.77448463
56,74455,74455,0.01311478,0.43242945,0.76671600
57,198,198,0.00005179,0.00677636,0.17961431
58,248068,248068,0.00000009,0.04523143,1.10265541
59,248046,248046,0.00308564,0.01656504,0.51588821
60,248046,248046,0.00238521,0.10312638,0.99833822
61,15,15,0.01042563,0.48879802,0.68769014
62,248046,248046,0.00000168,0.05427344,0.90408587
63,248046,248046,0.00429817,0.13938460,1.32310247
64,3172,3172,0.01232396,0.09252989,1.15083623
65,248046,248046,0.07376419,0.14299639,0.84135628
66,248046,248046,0.02049519,0.03878365,0.72308445
67,248046,248046,0.01435034,0.18499507,0.98633766
68,11960,11960,0.02921769,0.01573079,0.90904903
69,248046,248046,0.00520662,0.05621271,0.63175941
70,248046,248046,0.00926329,0.06515184,0.53172636
71,248046,248046,0.00075828,0.04259476,0.56763279
72,248046,248046,0.03780213,0.16527828,0.93700695
73,9150,9150,0.01295417,0.02264773,0.88853168
74,248046,248046,0.00182717,0.01920450,0.52794689
75,1330,248046,0.01511111,0.09298491,0.74078989
76,248046,248046,0.00340995,0.04488897,0.84366691
77,248046,248046,0.00077689,0.04007867,0.51432610
78,248046,248046,0.00002047,0.06251022,1.07702446
79,1330,1330,0.02489932,0.00037626,0.76759201
80,6355,6355,0.01840974,0.00491870,0.65787315
81,3728,3728,0.00523759,0.12860708,0.60359597
82,248046,248046,0.00221469,0.03538169,0.77722120
83,248046,248046,0.01053765,0.01643647,0.59343624
84,248046,248046,0.01379830,0.01597775,1.12905312
85,248046,248046,0.00480257,0.01297783,0.51410198
86,248046,248046,0.00251996,0.04208704,0.38953209
87,248046,248046,0.00114126,0.04246718,0.81151199
88,248046,45328,0.02538376,0.04568543,0.54192162
89,248046,248046,0.09028031,0.19644879,0.86597443
90,248046,248046,0.00000175,0.04523803,0.63057137
91,248046,248046,0.00644957,0.11152537,0.52347374
92,381,381,0.00452285,0.03514782,0.37721539
93,248046,264,0.04374645,0.18871949,0.70320511
94,20117,248046,0.00259739,0.02023893,0.47458583
95,248046,248046,0.00056176,0.00454215,0.52647400
96,248046,248046,0.00136991,0.05554102,0.63753676
97,248046,248046,0.00050871,0.01508895,0.23264170
98,248046,248046,0.00072316,0.03177209,0.69639015
99,248046,248046,0.00007510,0.01221450,0.87985611
100,9150,9150,0.00501046,0.01330565,0.74580860
101,248046,248046,0.00329755,0.01703057,0.60320902
102,248046,248046,0.00063062,0.01176325,0.38924718
103,248046,248046,0.01538091,0.03891639,1.22196102
104,248046,248046,0.00246659,0.00832397,1.12708139
105,248046,248046,0.00019945,0.04223187,0.91222239
106,248046,248046,0.00000002,1.43863257,0.84967434
107,198,198,0.00000000,0.13399797,0.55634189
108,248045,248045,0.00000012,0.23805770,0.51833844
109,846,846,0.00005640,0.02399103,0.87392426
110,198,198,0.15661958,3.82390628,1.66795850
111,248046,248046,0.00904892,0.01881696,2.10172248
112,1902,1902,0.05688359,0.35539641,1.77292728
113,449,449,0.02700903,0.26690869,1.07446432
114,16097,16097,0.00098230,0.01974979,0.79336560
115,14246,14246,0.00038683,0.04612058,0.77984476
116,17313,17313,0.00116894,0.09073528,0.58529115
117,248046,248046,0.00000027,0.00723757,0.79968619
118,248046,248046,0.00000064,0.02554457,0.77481890
119,10661,10661,0.00065343,0.18115878,1.30815887
120,16484,16484,0.00007078,0.04267420,0.73246980
121,248046,248046,0.00059355,0.04023569,1.12219226
122,1420,220,0.23042362,0.39208560,1.72550964
123,27204,27204,0.00014073,0.27727418,0.74925756
124,948,948,0.03710717,0.61217467,0.90548086
125,781,781,0.00041110,0.06168755,1.15693665
126,248046,248046,0.01408656,0.11959000,0.88134861
127,248046,248046,0.00600128,0.48466540,3.74297500
128,248046,248046,0.00000002,0.25998715,1.07101190
129,198,198,0.00000056,39.23082432,3.40842056
130,248045,248045,0.00000001,1.45063633,1.64871883
131,74455,74455,0.00000262,0.07509595,1.07628655
132,198,198,0.00129925,32.19573166,2.00558281
133,248046,248046,0.00131222,0.09099911,1.54848433
134,248046,248046,0.02094273,0.35936604,1.13404846
135,248046,248046,0.06888366,0.47849165,3.45920968
136,248046,248046,0.00000666,0.10850048,1.36764336
137,248046,248046,0.00000689,0.04172062,1.21674776
138,248046,248046,0.00729852,0.22727543,1.11611462
139,7873,7873,0.03703900,0.54379209,0.84296894
140,11125,11125,0.00149786,0.17728513,0.47580147
141,248046,248046,0.00003170,0.03428091,0.77007866
142,264,264,0.00017067,0.04034684,0.69471121
143,69892,69892,0.00917722,1.37420943,1.02909493
144,42903,42903,0.05852526,1.90887861,1.06165695
145,2393,2393,0.00795316,0.71971847,0.69210625
146,248046,248046,0.00047842,0.14912026,0.87482262
147,248046,248046,0.00013415,0.13834933,1.13156128
148,30800,30800,0.03350209,1.11707211,1.00211525
149,248046,248046,0.00049351,0.04516710,1.50569868
150,10229,10229,0.00029332,0.23739703,0.57575047
151,799,799,0.00005436,0.10872431,0.52636355
152,7652,7652,0.00000356,0.00181151,0.70521212
153,3728,3728,0.00145144,0.22076378,0.50646222
154,248046,248046,0.00078831,0.05180999,1.13429332
155,321,321,0.00145646,0.05365231,0.67925149
156,2873,2873,0.05212217,0.45543157,1.13508844
157,264,264,0.00000372,0.04883911,0.38360310
158,248046,248046,0.03649039,0.00936383,1.42150450
159,22188,22188,0.00011841,0.18655063,0.50835800
160,2923,248046,0.00282213,0.10295827,0.80140591
161,248046,248046,0.00000195,0.01301527,1.65376234
162,248046,248046,0.00000001,0.04430353,1.05822039
163,198,198,0.00000000,3.54506235,2.63701248
164,248045,248045,0.00000000,0.01956052,1.34099293
165,74455,74455,0.02545600,0.30263051,1.42028093
166,248068,248068,0.04340701,0.31890921,1.04470539
167,248068,248068,0.00000000,0.05124708,3.31007385
168,2404,2404,0.00417891,0.17722859,0.68268681
169,220,220,0.03343139,0.39174546,1.18867826
170,16,16,0.00765714,0.14718115,0.64192390
171,248046,248046,0.01543133,0.21398962,0.89845282
172,353,353,0.00640146,0.11746709,0.72139823
173,1000,1000,0.01846926,0.23520169,0.53455544
174,1118,1118,0.01410000,0.03189033,0.49357080
175,2426,2426,0.00859371,0.07623246,0.55978489
176,279,279,0.05256302,0.50896760,0.83062744
177,5638,5638,0.03668855,0.33318562,1.02243614
178,4954,4954,0.04304911,0.56718236,1.06558228
179,8097,248046,0.09839303,0.46926151,0.71398163
180,248046,248046,0.00208381,0.10106162,0.98394156
181,1179,1179,0.04752506,0.48326584,0.82534885
182,40729,40729,0.01690707,0.39870355,0.73135090
183,279,279,0.00498364,0.32973009,0.47001123
184,10993,10993,0.00189481,0.42212309,0.98920536
185,18583,18583,0.02960797,0.41799133,0.49558616
186,248046,248046,0.00244001,0.10983569,0.83576012
187,248046,248046,0.00000857,0.01741503,0.95880890
188,1822,1822,0.03006828,1.18215714,5.21962547
189,7652,7652,0.05203056,0.55637736,0.83880162
190,3728,3728,0.14757257,0.54877743,1.85672951
191,369,369,0.07554643,0.48792871,1.58232594
192,47733,47733,0.05412694,0.41579213,0.80614430
193,9722,248046,0.06957581,0.44334595,0.67406273
194,33625,33625,0.02016777,0.48332875,0.68913943
195,50921,50921,0.07463151,0.48620186,0.85580444
196,1345,248046,0.06101371,0.37910479,0.57390714
197,248046,248046,0.02644371,0.26749843,0.64386022
198,248046,248046,0.01135198,0.19733194,0.61267328
199,248046,248046,0.00387004,0.11649445,0.82275486
200,1220,1220,0.00911759,0.19222157,0.55115366
201,958,958,0.04750305,0.38830332,0.80487490
202,264,264,0.01493905,0.42605971,0.52857244
203,8097,8097,0.25125540,0.76402864,1.55322075
204,10756,248046,0.01807321,0.24843871,0.51476836
205,248046,248046,0.00006265,0.00433852,0.53641200
206,1931,1931,0.00009395,0.48736387,1.41724968
207,248046,248046,0.01106196,0.17531105,0.47659397
208,248046,248046,0.00798182,0.18440240,0.76280725
209,248046,248046,0.07634586,0.40282629,1.18486023
210,58740,58740,0.00515200,0.18440991,0.79180217
211,248046,248046,0.00026404,0.03461971,0.62983036
212,4906,4906,0.00004936,0.01633739,0.73080540
213,248046,248046,0.00101790,0.18941657,2.53711367
214,248046,248046,0.00983155,0.22342015,0.92155409
215,248046,248046,0.00000000,0.09528989,1.26826274
216,198,198,0.00000000,0.48138601,1.04122353
217,248045,248045,0.00000000,0.23058147,1.40019917
218,846,846,0.00027999,0.11543151,2.23027134
219,198,198,0.00027826,0.06914657,4.35778332
220,2523,2523,0.52346938,3.09260923,2.70169258
221,248046,248046,0.06106709,0.20154599,1.39558935
222,264,264,0.00003255,0.20029573,1.50558281
223,16097,16097,0.00203360,0.22494738,1.25224638
224,14246,14246,0.00039743,0.06971224,0.87493026
225,17313,248046,1.53648453,0.89803616,5.48208189
226,13,13,0.00019866,0.05959831,1.06668949
227,248046,248046,0.00001353,0.00906066,1.21167982
228,10661,10661,0.00069209,0.31901819,1.08220387
229,16484,16484,0.18992007,1.14829011,1.86459041
230,248046,248046,0.09150204,0.12867023,2.89071178
231,248046,248046,0.02202273,0.07176511,1.37768030
232,27204,27204,0.01192722,0.54905828,1.24486399
233,248046,248046,0.05776620,0.23837400,2.44294357
234,198,198,0.06538758,0.03706952,0.95684814
235,1727,1727,0.03837564,0.03643896,0.83537102
236,248046,248046,0.01046527,0.15839048,0.71694851
237,248046,248046,0.00000129,0.74679790,7.10932922
238,198,198,0.00000000,2.11377551,1.83006668
239,248045,248045,0.00000000,1.88249603,2.53054261
240,74455,74455,0.01010588,0.09892066,1.17713106
241,198,198,0.00000001,0.06174941,2.37129259
242,248046,18801,0.19702679,1.46727186,3.97632575
243,220,220,0.05639642,0.56832653,1.07656813
244,17,248046,0.51462855,0.50670685,2.14951277
245,248046,248046,0.02275917,0.33918745,1.47542000
246,248046,248046,0.09483479,0.44802272,1.08493423
247,248046,248046,0.01364473,0.03218014,2.15274286
248,7873,248046,0.28678215,0.56627320,1.77958870
249,11125,11125,0.10221374,0.12547880,1.64337254
250,248046,364,0.01217519,0.24668531,0.76613760
251,264,264,0.00063742,1.49251532,2.20799685
252,3074,3074,0.07645061,0.05780495,1.22541475
253,42903,42903,0.00282594,0.34327769,0.72991085
254,2393,2393,0.00980324,0.03424623,0.58136725
255,248046,248046,0.00008067,0.04064433,1.17573404
256,248046,248046,0.00001971,0.01939193,1.05000639
257,248046,248046,0.13440685,0.35524637,1.16223145
258,248046,248046,0.00001130,0.00426621,2.06221890
259,248046,248046,0.00254906,0.03601887,1.28226471
260,799,799,0.00617468,0.70245627,0.82657737
261,44212,7652,2.61034272,35.71763015,6.84067345
262,3728,3728,0.18495601,4.82924016,2.64866877
263,248046,248046,0.00320030,0.09535340,1.42993450
264,248046,248046,0.01542402,0.10254825,1.04826927
265,248046,248046,0.06729414,0.15285498,1.62419510
266,248046,248046,0.03284516,0.17934738,1.58788490
267,248046,248046,0.03172201,0.01918123,0.89945245
268,10263,10263,0.01316907,0.10037276,1.02708292
269,248046,248046,0.01073543,0.04528506,0.67868996
270,248046,248046,0.00000037,0.02427872,7.18985558
271,248046,248046,0.00000186,0.86183892,2.36057496
272,198,198,0.00000000,0.27244652,1.08432102
273,248045,248045,0.00000000,4.02226447,2.33204317
274,74455,74455,0.00157996,0.00461472,1.45693064
275,198,198,0.00096855,0.16252801,0.72223949
276,248068,248068,0.00000004,0.02149348,1.58505249
277,2404,2404,0.00010270,0.05464181,0.87995529
278,220,220,0.01558687,56.51898406,6.61267281
279,17,17,0.00238194,2.94992374,2.08761954
280,11,11,0.05778787,0.91036604,1.30886626
281,353,353,0.09073497,0.68112620,10.31971550
282,1000,1000,0.00239276,0.24240394,1.39541459
283,1118,1118,0.00747614,0.23090239,1.36000371
284,2426,2426,0.00137904,0.19119966,1.80315113
285,279,279,0.00001714,0.17982927,0.47185516
286,1788,1788,0.12553884,0.51966758,2.83191562
287,4954,4954,0.00137920,1.19990578,1.11763453
288,8097,8097,0.00207351,0.52987473,1.51735306
289,11,11,0.00003347,0.01859233,0.86011696
290,1179,1179,0.25897744,0.44543203,3.24272251
291,40729,40729,0.00000651,0.15639999,1.53077602
292,279,279,0.00001399,0.23270497,2.07821321
293,10993,10993,0.01834822,0.73190396,1.07289290
294,18583,18583,0.17424853,0.43551498,3.20500255
295,13,13,0.01501578,0.68934259,1.64321280
296,248046,248046,0.00100250,0.05440431,0.86858749
297,1822,1822,0.03423679,0.27459924,0.84227753
298,27204,27204,0.30750131,1.31340496,2.49756241
299,3728,3728,0.00236752,0.27613844,1.49048615
300,369,369,0.00012869,0.52550837,0.69329643
301,47733,47733,0.00335792,5.60918333,3.90511513
302,9722,9722,0.05314876,0.10767720,1.70683336
303,33625,33625,0.01128030,0.60367665,1.02276325
304,50921,50921,0.02640295,0.51597394,0.72825998
305,248046,248046,0.00577594,0.12534054,1.44330668
306,11125,26236,0.70862240,0.02981493,3.85116410
307,248046,248046,0.00573819,0.13430873,4.25863695
308,248046,248046,0.00000573,0.04943246,4.26006508
309,248046,248046,0.06749090,0.25220704,1.86508274
310,958,958,0.01305414,0.31923029,1.45430851
311,264,264,0.00027242,0.23574525,1.14283514
312,8097,8097,0.26315213,0.25489377,5.05848980
313,10756,10756,0.40481253,0.70114880,2.31380081
314,14751,14751,0.00079497,1.05747766,2.00008273
315,1931,1931,0.00050259,0.02609750,1.47595501
316,248046,8978,3.77021555,5.79968466,7.54041290
317,321,321,0.00049342,0.31340169,0.85327697
318,9150,248046,1.86426587,0.75431246,8.83643341
319,58740,58740,0.00584117,0.13469295,1.69739223
320,248046,248046,0.07834012,0.73561103,2.10276556
321,4906,4906,0.05727344,0.63172240,2.48992038
322,11125,11125,0.01437690,0.01433362,1.32235909
323,248046,248046,0.00326014,0.21881178,1.19468760
324,248046,248046,0.00000000,0.77950311,2.34781408
325,198,198,0.00000000,0.47510699,1.80892563
326,248045,248045,0.00000002,2.22570492,2.37966156
327,846,846,0.48190589,0.55938967,4.30565643
328,248046,248046,0.01493374,0.21041421,4.67652559
329,248068,248045,0.65091238,1.34475946,3.33755040
330,198,198,0.08003976,0.50604460,8.10699844
331,198,198,0.37162621,0.56120178,6.37639332
332,29551,33341,0.07266281,0.03090519,1.76848423
333,27204,27204,0.12833910,0.21660766,3.67383409
334,248046,248046,0.08908896,0.14038374,1.72461557
335,13,13,0.21673533,0.83925885,2.96770477
336,248046,248046,0.00068849,0.00700802,1.42242718
337,248046,248046,0.25006423,0.23851473,2.31966686
338,6326,6326,0.07136898,0.09963717,1.99537373
339,248046,248046,0.59057771,0.49553217,2.63843918
340,248046,248046,0.35797099,0.06789243,5.90438366
341,27204,27204,0.15924948,0.98323360,9.58235455
342,948,948,0.28453033,0.97938394,7.28859282
343,264,264,0.10622881,0.03552340,3.42973232
344,20961,20961,0.06734962,0.02932231,1.34840059
345,248046,248046,0.00032148,0.08353995,1.77283931
346,248046,248046,0.00020205,0.78352121,3.81098008
347,198,198,0.00000000,0.24434246,1.94868755
348,248045,248045,0.00000011,0.78398136,4.77117872
349,846,846,0.01557135,0.28954919,4.67183065
350,198,198,0.00013617,6.29677093,2.68611240
351,18801,18801,0.00889560,0.09322952,6.22002697
352,220,220,0.00014151,0.02870143,1.43164825
353,18,18,0.00271456,0.55616017,3.05374861
354,248046,248046,0.00216078,0.07907597,1.30839157
355,248046,248046,0.23018857,0.60882048,1.52562714
356,1330,248046,0.21465305,0.22292475,1.58255363
357,7873,7873,0.16880506,0.24209597,5.77367163
358,248046,248046,0.29446275,0.07020402,4.84466934
359,364,248046,0.37612464,0.69901005,2.30987906
360,264,264,0.01937086,0.05238520,1.50682878
361,248046,8024,0.14709445,0.06599699,2.76911974
362,364,321,0.04557668,0.01343836,1.16187000
363,248046,248046,0.29004572,1.62943937,8.19419193
364,248046,248046,0.00211963,0.13907401,2.80207729
365,248046,248046,0.00005680,0.47381135,14.23772621
366,30800,30800,0.00056240,0.00301968,1.57798767
367,248046,248046,0.00396126,0.12065606,1.73331594
368,248046,248046,0.10393641,0.04615240,3.12714958
369,799,799,0.09231010,0.69556068,1.24191475
370,5404,478,0.36098613,0.20492726,3.14431858
371,3728,3728,0.11609526,0.36831214,1.54221582
372,248046,248046,0.00075876,0.20769772,2.16064262
373,248046,248046,0.00002347,0.14713616,2.02323866
374,220,248046,0.92742234,0.17097117,2.85276365
375,248046,248046,0.25905195,0.21625008,8.49183655
376,248046,248046,0.18628610,0.05379855,2.93081260
377,248046,248046,0.02892243,0.28808677,4.22303104
378,248046,248046,0.00096646,0.14270187,1.40628958
379,248046,248046,0.00003045,0.08203857,2.18980598
380,248046,248046,0.00000178,11.48777750,8.11445904
381,198,198,0.00000000,0.17436030,1.07944393
382,248045,248045,0.00000000,0.85224478,3.46805143
383,74455,74455,0.00004442,0.24524439,3.18305945
384,198,198,0.24240566,5.75875469,1.65895653
385,248068,248068,0.00000099,0.12088193,3.09136391
386,2404,2404,0.00118724,0.43140570,0.86063397
387,220,220,0.00890556,11.38319818,4.03764391
388,18,18,0.02473884,7.02567271,4.72432566
389,11,11,0.06402456,1.15128606,1.79640865
390,353,353,0.02386683,0.30586499,1.64928341
391,1000,1000,0.00850940,0.49395641,2.04281425
392,1118,1118,0.00968205,0.20743637,1.51260352
393,2426,2426,0.00054194,0.37243470,2.13114500
394,279,279,0.00012409,0.70731128,1.97399497
395,5638,5638,0.94206004,0.67452915,6.65298080
396,4954,4954,0.00112401,0.43226302,3.67041278
397,8097,248046,0.64097148,0.73384694,3.26922226
398,11,11,0.00134049,0.96009264,1.47562313
399,1179,1179,0.64234961,6.59222317,5.18676901
400,40729,40729,0.02222517,0.56991179,3.56976819
401,279,279,0.03114701,2.89178827,2.15689564
402,10993,10993,0.48476168,11.32500751,4.75329018
403,18583,18583,0.00099945,0.11906585,1.02361917
404,248046,13,0.37824613,3.08374060,3.43852234
405,248046,248046,0.00031772,0.02059578,1.92415380
406,2972,2972,0.12604599,0.31464333,1.95600986
407,2404,2404,0.67599886,0.08696733,7.69267130
408,248046,220,1.05405510,0.27758065,6.02124977
409,369,369,0.00002134,0.64113655,0.77479196
410,47733,47733,0.00922526,5.09186175,2.37471008
411,1472,11946,3.47650359,0.02758478,9.33829403
412,33625,33625,0.29356989,1.01528723,2.49518013
413,50921,50921,0.10559829,0.60825674,1.98434734
414,248046,248046,0.00226183,0.03657265,1.98039722
415,70558,70558,0.08080193,0.18977059,2.39214969
416,248046,13,0.53993979,2.54336380,2.41081190
417,248046,248046,0.01210198,0.18340645,1.13126945
418,248046,248046,0.11571176,0.25343675,3.08350277
419,2830,264,3.11635136,1.98917282,9.21879768
420,264,264,0.00040945,4.10659455,4.13491726
421,2400,2400,0.02448045,0.05215994,1.62977266
422,10756,10756,0.01207832,1.31683087,2.60737324
423,14751,14751,0.15754544,0.94051908,6.06914949
424,1931,1931,0.00018678,1.47519649,3.02200460
425,8978,8978,0.01752570,0.20344167,1.31838703
426,248046,248046,0.32804183,1.42799249,3.86525917
427,248046,9150,4.90405815,2172.48912089,12.79232407
428,58740,1534,0.87791226,0.80367599,2.85698080
429,248046,248046,0.00153907,0.00380559,2.88286591
430,248046,248046,1.81384025,0.28938548,9.81626606
431,248046,248046,0.05074778,0.09529620,1.49287236
432,248046,248046,0.00132226,0.08071043,2.23519564
433,248046,248046,0.00000000,0.60956856,6.34097481
434,198,198,0.00000000,0.49097464,1.54128313
435,248045,248045,0.00000001,0.19185945,1.20027947
436,846,846,0.10114082,0.18729185,1.43741989
437,198,198,0.27350293,0.89598135,4.15381241
438,248045,248045,0.15394406,0.81815916,5.16429138
439,198,13,0.43419220,0.27134712,3.15250492
440,264,198,3.19941227,0.99006554,5.89273548
441,29551,5604,0.24078268,0.38270300,3.03519845
442,14246,14246,0.36281791,0.90188691,7.59516954
443,248046,5576,3.68982685,0.12779658,7.21430445
444,13,13,0.00065326,2.73344575,2.21828127
445,248046,248046,0.03413921,0.06541571,2.19847345
446,10661,10661,3.86094294,0.99425234,6.81773329
447,248046,6297,0.06974043,0.07314078,1.64484406
448,321,11,3.27554798,0.99414840,9.68894672
449,248046,248046,1.40816465,0.21621743,7.84499168
450,27204,27204,2.84266610,1.20772287,10.14686203
451,948,948,0.04920570,3.33318130,6.27995968
452,220,220,0.07792545,0.05889980,3.48202610
453,248046,248046,0.35117825,0.09875473,5.04890394
454,248046,248046,0.00058097,0.03949196,7.85665798
455,248046,248046,0.00027622,21.23827123,8.34345245
456,198,198,0.00000000,0.70917321,1.11728370
457,248045,248045,0.00000066,0.66816759,1.49525928
458,846,846,0.00202481,0.97145291,1.24217057
459,198,198,0.00000000,0.06024769,2.02863169
460,18801,18801,0.01401203,0.38032171,2.70549011
461,220,220,0.01089498,0.40982312,1.09830379
462,19,19,0.06315738,0.51121336,1.67266297
463,248046,248046,0.00001738,0.01231564,1.39639640
464,248046,248046,0.00000595,0.01049543,1.32072341
465,248046,248046,0.00188827,0.15770100,1.44155216
466,248046,248046,0.05860421,0.65471013,5.32291842
467,248046,248046,0.55827711,0.01781159,6.58332729
468,248046,248046,0.02443809,0.31338031,1.73234940
469,248046,264,1.00888659,1.72824303,3.03694677
470,248046,248046,0.25806002,0.04192522,3.36459327
471,248046,248046,0.05093918,0.30034842,1.41906929
472,248046,248046,0.40177318,0.18623310,3.01089621
473,248046,248046,0.00006356,0.14603119,1.31546879
474,248046,248046,0.00001212,0.02790280,10.20852280
475,248046,248046,0.67509046,2.11789192,2.82180595
476,248046,248046,0.00055551,0.11692242,1.89794016
477,248046,248046,0.00158941,0.00531510,1.88542736
478,799,799,0.00602098,0.93123393,0.83745289
479,248046,248046,0.27359929,0.13580653,2.85080147
480,248046,248046,0.04688640,0.04273690,1.20520043
481,248046,248046,0.00533235,0.59371816,12.38237858
482,248046,248046,0.00046671,0.05014529,1.24120092
483,248046,248046,0.00056006,0.09715940,1.45538139
484,248046,248046,0.01596137,0.13500453,4.01377296
485,248046,248046,0.08073685,0.16415359,4.59816313
486,22188,22188,0.00001189,0.14675024,2.95838594
487,248046,248046,0.00003491,0.05724124,1.68523598
488,248046,248046,0.00000220,0.05889629,7.38797569
489,248046,248046,0.00000005,0.30438551,11.34602737
490,198,198,0.00000000,0.02710685,1.31576395
491,248045,248045,0.00000000,0.16541469,0.97523093
492,74455,74455,0.02304851,0.48096490,0.92420101
493,198,198,0.00016189,0.19511706,2.91359711
494,248068,248068,0.00000035,0.00439657,1.83424568
495,2404,2404,0.00830207,0.33584193,0.91805696
496,220,220,0.00013733,0.08967434,2.82407141
497,19,19,0.05740751,1.84776470,4.07097816
498,248046,248046,0.07764683,0.40301458,1.22916031
499,248046,248046,0.00007604,0.00486492,1.69175529
500,1000,248046,0.22012492,0.57423869,4.52501059
501,1118,1118,0.00348231,0.23406275,0.89829397
502,2426,2426,0.00668300,0.19079226,0.92375582
503,279,279,0.01795536,2.41711194,2.81806183
504,15816,5638,0.52584080,0.28022977,4.14481115
505,4954,6297,1.21751932,0.03648729,7.28387260
506,8097,8097,0.00239183,0.02341013,3.31934500
507,11,11,0.00304451,0.28799248,1.05632877
508,1179,1179,0.41634063,12.06316939,9.03168392
509,10993,8754,0.27750584,0.06475323,3.24671459
510,279,279,0.08801615,0.82944922,8.92010117
511,1727,1727,0.09551622,0.40931091,3.81686425
512,18583,18583,0.22128654,2.76094889,3.84305429
513,13,13,0.00881503,0.30503045,1.50012398
514,248046,248046,0.00093561,0.15729315,4.53519678
515,248046,248046,1.46914246,0.34088767,8.61539745
516,248046,248046,0.21949713,0.05096679,1.65264678
517,3728,4131,0.25769321,0.46821786,4.44532776
518,369,369,0.00080027,0.67393771,1.14757156
519,248046,47733,1.81038235,101.86087772,9.22081375
520,18484,248046,0.42442987,0.28794062,3.70480585
521,9705,248046,0.22947510,0.25861247,3.52319241
522,50921,50921,0.32277501,1.28509086,2.99986553
523,248046,248046,0.01567342,0.17539392,2.66799378
524,26208,26208,0.24176944,0.18252640,3.98435235
525,248046,248046,0.01431888,0.22750598,3.53757524
526,248046,248046,0.11684962,2.12236918,12.62588501
527,248046,248046,0.02292102,0.06826047,3.86712313
528,958,248046,4.74104209,0.99845290,11.85282707
529,264,264,0.01277700,0.80994948,4.53724718
530,2400,2400,1.82169887,0.07937923,7.86210346
531,10756,10756,0.09440786,0.28968131,2.20885849
532,14751,14751,0.01866872,0.85471002,2.33863926
533,290,290,0.00841565,0.11864860,1.44151974
534,248046,248046,0.01957959,0.12755590,1.52671838
535,248046,248046,0.09413560,0.21632486,9.17567158
536,264,248046,1.51488803,0.39968808,6.48406029
537,2923,248046,2.09534615,0.43880022,10.91506481
538,248046,248046,0.00440482,0.14460927,6.46354198
539,248046,248046,0.03426569,0.05843906,3.86580992
540,248046,248046,0.00124703,0.12293418,3.94302416
541,248046,248046,0.00014081,0.04036270,1.96498656
542,248046,248046,0.00000000,0.01092690,1.96983290
543,198,198,0.00000000,0.51597090,2.09681320
544,248045,248045,0.00000072,1.09601536,1.56594515
545,846,846,0.00234531,0.04334746,3.77270889
546,198,198,0.95679701,0.95201938,3.39455223
547,2523,2523,0.35178502,9.95426334,4.17744637
548,198,1220,3.30923662,0.17056209,7.95886135
549,264,264,1.33622864,0.67127435,5.63116884
550,22188,22188,0.31011221,0.01923197,3.51560688
551,248046,14246,1.75639667,1.72416418,3.32481670
552,5576,5576,0.14375599,0.04568673,3.37343884
553,13,13,0.00001379,0.01426724,2.03358459
554,248046,248046,0.00110626,0.12230407,4.90377331
555,10661,10661,0.01113269,0.59708296,4.91506100
556,10804,318,1.94365939,0.39780339,4.60612726
557,11,11,0.39833833,0.41651198,3.58929539
558,248046,248046,0.13883542,0.05612160,3.25441217
559,27204,27204,1.15469713,0.84970223,3.81349015
560,948,948,0.00728062,1.52335862,3.15491629
561,248046,248046,2.25162465,0.16038541,11.34255219
562,248046,248046,0.39470927,0.03774507,6.99295950
563,248046,248046,0.11497947,0.50815812,5.53982544
564,248046,248046,0.00000092,0.10316655,6.01808548
565,198,198,0.00000000,0.10683054,1.44843483
566,248045,248045,0.00000000,0.07224470,1.44291306
567,846,846,0.00007560,16.57205621,8.09307098
568,198,198,0.00000049,1.08187573,1.76818871
569,18801,18801,0.00514970,0.50323675,2.03160238
570,220,220,0.17248475,0.64940287,1.06635666
571,20,20,0.20278905,2.34134979,3.95028830
572,248046,248046,0.01947941,0.38703476,2.05160332
573,248046,248046,0.00019287,0.08584778,1.37157154
574,248046,248046,0.00014600,0.03822677,2.49411464
575,248046,248046,0.00231998,0.08652122,2.95789957
576,248046,248046,0.23373539,0.60206896,3.61411333
577,248046,248046,0.01676633,0.20971674,1.16751575
578,248046,264,3.07305474,475.81331234,7.54678345
579,248046,248046,0.85611759,0.38365862,4.83150578
580,7916,7916,0.20430640,0.20297557,4.43046808
581,248046,248046,0.01162351,0.07010794,2.27500772
582,248046,248046,0.00000567,0.00829783,2.07494116
583,248046,248046,0.00000257,0.03156725,4.64140320
584,248046,248046,0.00975338,0.33750037,6.07481480
585,248046,248046,0.00013343,0.02068639,0.78713143
586,248046,248046,0.02116839,0.13776209,8.11245728
587,248046,248046,0.01187338,0.29650459,8.27373981
588,248046,202201,0.54137104,0.14931803,4.18894100
589,248046,248046,1.12031538,0.42362396,8.54970741
590,248046,248046,0.00011581,0.06029984,2.43228698
591,248046,248046,0.01764222,0.52560488,6.27080965
592,248046,248046,0.00143254,0.05355233,4.21247482
593,248046,248046,0.01512889,0.12795605,2.71516800
594,248046,248046,0.02623821,0.13211413,3.45715714
595,248046,248046,0.07006920,0.48439649,8.53047562
596,248046,248046,0.00005690,0.05022807,1.78940201
597,248046,248046,0.00000191,0.04147942,1.99649382
598,248046,248046,0.00007079,0.79665822,2.04840565
599,198,198,0.00000000,0.20948255,1.62317753
600,248045,248045,0.00000000,0.85520810,7.94752645
601,74455,74455,0.00367932,0.31605057,3.78029299
602,198,198,0.04534840,4.57480828,1.99985123
603,248068,248068,0.00000006,0.08513720,1.97079849
604,2404,2404,0.03181955,0.64133176,1.09075403
605,220,220,0.05189104,0.55490492,6.75934601
606,20,20,0.08564824,0.92644624,4.73277140
607,248046,248046,0.10956714,0.46310253,1.81283379
608,353,248046,0.03039221,0.29235627,1.10728526
609,1000,1000,0.08285580,0.57513751,2.41642761
610,1118,1118,0.02759213,0.43019103,1.23808956
611,2426,2426,0.01555606,0.41504974,1.22218132
612,279,279,0.00006276,0.31086275,1.76710606
613,7873,7873,0.46257712,0.10649585,4.79718542
614,4954,4954,3.57158555,0.93245786,8.62947178
615,8097,8097,0.00014330,0.53247657,3.35061693
616,11,11,0.00249174,0.23186111,1.29648733
617,1179,1179,0.00676559,0.54798131,1.90477943
618,40729,40729,0.01430659,3.00346285,3.59333944
619,279,279,0.12553902,0.94038622,6.91384220
620,10993,10993,0.76711516,0.85920552,5.12346506
621,18583,18583,0.01025671,1.06814448,7.53578615
622,13,13,0.00265025,0.13768150,1.64498603
623,248046,248046,0.00026463,0.18847573,5.35746241
624,1822,248046,3.44211698,0.99241574,5.10251141
625,6117,6117,0.49864196,0.61833522,3.61445260
626,248046,248046,0.21060754,0.34874972,3.10075974
627,369,369,0.00016378,0.24493923,0.79566383
628,47733,47733,0.02395921,0.02574942,3.84523582
629,2086,2086,0.06243568,0.09790047,7.23716927
630,132522,248046,1.08498306,0.39148925,6.75317812
631,50921,50921,0.06987177,3.72036533,4.49604225
632,248046,1345,10.57394923,3574.91295107,15.26091003
633,75401,70558,5.61742746,319.61815900,13.19879341
634,248046,248046,0.68144649,2.54952850,10.74179077
635,248046,248046,0.00011475,0.37341065,4.90643311
636,248046,1220,2.23499220,113.06794085,8.79755592
637,2830,2830,0.19865622,0.41965684,5.44615936
638,264,264,0.00368379,3.10978306,4.68979788
639,3074,248046,0.91271061,0.42198669,5.88425064
640,8978,248046,1.24953896,0.64017221,11.03136826
641,14751,14751,0.02828830,0.02050380,2.23086452
642,248046,248046,0.10232878,0.16527957,2.03852701
643,248046,248046,0.17758871,1.12414523,3.14836216
644,248046,248046,0.00009250,0.03652343,3.70309520
645,248046,248046,0.08178534,0.10363400,5.09944248
646,58740,248046,3.10833821,0.91416108,8.98771667
647,248046,1518,7.02690004,68.65781365,9.98518372
648,248046,4906,3.64167261,208.73399290,7.08848763
649,248046,248046,0.00245360,0.13893697,3.26284218
650,248046,248046,0.00273413,0.17429500,1.68521929
651,248046,248046,0.00000000,0.40176694,2.10041332
652,198,198,0.00000000,0.56300510,1.39517736
653,248045,248045,0.00002892,0.71848792,1.64968109
654,846,846,0.22852058,0.63378182,3.67661667
655,198,198,0.03305628,9.54817473,3.84218216
656,2523,2523,0.00620714,0.84497794,5.76130247
657,1220,248046,3.37706338,2.61353545,8.08434010
658,279,198,1.52957272,0.18042467,6.00182819
659,16097,16097,9.55532821,0.99959702,12.01609993
660,14246,14246,1.18652855,0.97351216,4.29956532
661,248046,248046,0.64916753,0.16983097,7.78801823
662,13,13,0.03274609,1.49343944,2.07259846
663,248046,248046,0.01550250,0.01123630,4.32713127
664,10661,10661,0.78217048,0.91599759,8.52582550
665,248046,248046,0.32236218,0.19755874,6.09371042
666,321,321,0.01877718,0.87436938,1.69743145
667,27228,248046,0.60346929,0.24269796,3.57665944
668,27204,248046,4.09681739,0.58403080,11.01602077
669,948,948,0.00949465,0.74979373,1.71793985
670,248046,248046,0.01068613,0.14129392,2.16210032
671,2785,248046,0.30181179,0.14376715,2.41277647
672,13,248046,1.35472340,0.92992292,3.63257217
673,248046,248046,0.00000105,1.80031469,2.69086885
674,198,198,0.00000000,0.27997022,1.69521523
675,248045,248045,0.00000000,0.31191499,0.91994166
676,846,846,0.00001501,0.35757965,8.45923233
677,198,198,0.00000375,5.03882845,1.94225681
678,18801,18801,0.00649244,0.85973828,2.60184813
679,248046,248046,0.00801996,0.14932397,1.31700802
680,21,248046,0.71864858,0.83198469,4.35703039
681,248046,248046,0.00010929,0.11133941,1.69820642
682,248046,248046,0.00029013,0.08809973,2.13400888
683,248046,248046,0.03855249,0.30045433,1.42643023
684,248046,248046,0.01013292,0.08362353,11.72436810
685,248046,248046,0.02886731,0.04509972,4.08233738
686,248046,248046,0.00003318,0.01101452,1.32622623
687,248046,248046,0.04518582,0.38362541,2.59913445
688,248046,248046,0.05061088,0.10322057,3.75969028
689,248046,248046,0.32238127,0.19169517,5.55943155
690,248046,248046,0.04709214,0.41853725,1.88037300
691,248046,248046,0.02571248,0.44445495,10.57589531
692,248046,248046,0.00000848,0.17259689,3.16552138
693,30800,30800,1.66601171,0.98241849,9.89445210
694,248046,11,0.12802844,0.96833305,1.56295586
695,248046,248046,0.01740493,0.12508768,3.24669361
696,248046,248046,0.03673703,0.22835886,4.11434126
697,248046,248046,0.34102411,0.70302492,7.29168463
698,248046,248046,0.00965575,0.52867040,7.89488983
699,11,248046,0.11738050,0.51482984,1.14945459
700,248046,248046,0.01896254,0.31021014,2.51056433
701,248046,248046,0.00621774,0.11926033,6.77057409
702,248046,248046,0.00317499,0.17357421,1.11050034
703,248046,248046,0.01815653,0.18520066,4.30778599
704,248046,22188,9.43387904,41.47089258,12.14825058
705,248046,248046,0.00035893,0.15877623,1.80732918
706,248046,248046,0.00057512,0.35915074,3.45725703
707,248046,248046,0.00000366,0.79757153,4.13117123
708,198,198,0.00000000,0.25716087,1.11911201
709,248045,248045,0.00000001,0.99407254,6.02606583
710,74455,74455,0.51287952,0.96912865,6.83265495
711,198,198,0.00233110,62.67218027,6.58252335
712,248068,248068,0.00006627,0.31466394,5.87478638
713,2404,2404,0.10464147,1.43398504,1.18681622
714,248046,220,0.10092693,0.90579146,1.36381483
715,21,21,0.08170867,6.17324502,1.93736315
716,248046,11,0.44924535,2.26858342,1.79526401
717,353,353,0.04074675,3.56846588,2.23843265
718,1000,1000,0.14606204,2.03654886,1.42845666
719,1118,1118,0.34589858,7.04378252,2.58290553
720,2426,2426,0.04827231,1.07258151,1.35379207
721,279,279,0.00310764,4.08070292,3.13517809
722,5638,5638,0.55985764,0.82016397,5.47785378
723,248046,8313,2.02736641,0.56197291,9.58062840
724,248046,8097,0.69462726,23.15714374,5.11201096
725,11,11,0.06518785,2.28431138,1.68633270
726,1179,1179,0.05000461,4.91157460,4.03911114
727,40729,40729,0.33192798,6.61801861,8.08753204
728,279,279,0.00930628,2.86173053,4.12178135
729,10993,10993,0.11618863,0.18012888,2.84788942
730,18583,18583,0.04678354,3.59743933,8.83618450
731,13,13,0.18735417,6.85210725,2.65536499
732,248046,248046,0.00578832,0.18408881,2.24823165
733,248046,1822,0.45375046,3.02349014,5.99420214
734,7652,7652,0.21299326,32.62251812,6.86935520
735,248046,248046,0.42827810,0.39669326,4.35974455
736,369,369,0.00085814,0.37824630,1.14376748
737,248046,47733,3.18447166,83.22050476,12.46541119
738,9722,58740,2.95629344,0.91785288,6.53460169
739,248046,33625,0.73611560,0.07708301,6.11571503
740,50921,50921,0.32342782,0.55407174,7.66871166
741,248046,248046,0.01700450,0.32144584,2.89991188
742,45543,7262,0.88076515,0.53356047,3.97310400
743,248046,248046,0.00051721,0.17644735,2.01518297
744,248046,248046,0.33074509,3.19603107,12.01075554
745,248046,248046,0.00244129,0.00411045,8.41280174
746,248046,248046,0.44888770,0.49854614,6.38687992
747,264,264,0.00018212,0.06645042,2.70892477
748,248046,248046,0.69240614,0.85877419,4.89878130
749,248046,248046,0.35515805,0.13023828,4.73037672
750,14751,14751,0.01554900,3.27086754,3.80904007
751,1931,1931,0.06007378,187.07524649,8.22347641
752,248046,248046,0.63880018,2.45977341,3.81669903
753,321,248046,0.89737141,0.94543561,11.02244663
754,248046,248046,0.86929104,3.17484542,7.41963387
755,248046,248046,0.40872864,0.56283556,10.66190338
756,248046,248046,0.00008620,0.21422750,3.16350460
757,248046,248046,0.00843512,0.07684974,11.51193714
758,248046,248046,0.00010754,0.06131637,3.22301292
759,248046,248046,0.06160163,0.58386726,1.56932914
760,248046,248046,0.00000000,0.18228255,1.97552037
761,198,198,0.00000000,0.66815582,1.02094555
762,248045,248045,0.00000167,0.38450800,1.23177338
763,846,846,0.07203771,0.58497058,1.86013377
764,198,198,0.24861605,552.60509702,3.61110306
765,248045,2523,2.08891033,52.98900860,5.62345743
766,513,198,14.34164449,0.99998037,14.92235756
767,264,198,6.23365128,19.37582991,11.22067070
768,248046,248046,0.27350148,0.19501645,4.88948870
769,248046,248046,0.11724796,0.17099492,4.29438591
770,248046,248046,0.00381281,0.01734949,1.56387651
771,248046,248046,0.00032279,0.00148679,1.20025921
772,248046,248046,0.00789429,0.05300136,1.08616078
773,248046,248046,0.00020985,0.11754234,1.37550831
774,248046,248046,0.00011726,0.03517409,1.48417544
775,248046,248046,0.00000224,0.03564139,1.87567997
776,248046,248046,0.00063530,0.12836282,1.46426606
777,248046,248046,0.00186286,0.04482180,1.17261791
778,248046,248046,0.03059240,0.14374671,0.98092866
779,313,313,0.01409890,0.00140355,0.78034782
780,313,313,0.01787686,0.05487232,1.32061386
781,313,313,0.01170397,0.08635353,0.97902775
782,248046,248046,0.00821117,0.12883445,0.74305105
783,220,220,0.03278784,0.23018367,1.18050289
784,514,514,0.01337659,0.09008583,1.21719074
785,380,380,0.02064767,0.00508796,0.71221244
786,26,26,0.02907207,0.09994987,0.68272400
787,198,248046,0.03376362,0.27088635,0.60934079
788,262,262,0.01107467,0.33028480,0.93685722
789,514,434,0.09488921,0.36690039,1.35616016
790,16502,16502,0.11088797,0.50963625,1.11229324
791,26,26,0.08777319,0.59919604,0.99857521
792,248046,248046,0.05681354,0.35538707,2.44866276
793,262,248046,2.25270177,0.91491909,9.62105179
794,514,514,0.12045449,0.67396308,3.59653068
795,14145,248046,0.08106908,0.04730419,1.07688713
796,26,26,0.07384636,0.68595560,1.31149673
797,198,248046,0.09853754,0.48533747,0.82403374
798,262,262,0.02459893,0.06335173,0.78530055
799,248046,248046,0.00049355,0.05443180,0.72910404
800,248046,248046,0.04017748,0.19983434,3.76750469
801,20114,20114,0.00987168,0.01665961,0.63213062
802,12391,12391,0.05319477,0.06397939,0.94632912
803,15,15,0.01298105,0.10058855,1.27927208
804,248046,248046,0.08058395,0.38716014,1.05889702
805,8010,8010,0.04617354,0.00248871,1.13953257
806,2153,2153,0.04842363,0.36300074,1.17284203
807,9,9,0.01299662,0.00290404,1.40544128
808,830,830,0.02004765,0.04387457,0.77548432
809,11,11,0.01144904,0.32288223,0.94766808
810,514,514,0.02230135,0.31882675,1.05881310
811,307,307,0.02141456,0.14995613,1.93068123
812,8,8,0.00142829,0.02205882,1.05232239
813,313,248046,0.01403843,0.19985077,0.93246031
814,198,198,0.00672268,0.29495993,0.98770165
815,262,262,0.00315839,0.30490051,0.94803381
816,2153,2153,0.00651772,0.05577724,1.28611279
817,994,994,0.07488382,0.01007243,1.47203064
818,283,283,0.03876939,0.50105641,1.13340187
819,220,220,0.06152250,0.49118010,3.16104984
820,15,15,0.00166963,0.37633575,1.29609966
821,13,13,0.01242212,0.23654941,0.60635376
822,15,15,0.06971855,0.61225885,0.97943687
823,69,69,0.00816364,0.45328151,1.02734566
824,26,26,0.05069128,0.65697198,1.61662245
825,198,248046,0.23228316,0.60793390,1.64226818
826,262,262,0.00960838,0.48842762,0.84029937
827,364,364,0.47517274,0.55953727,2.08846855
828,318,318,0.09064900,0.78190758,1.66453934
829,390,248046,0.68058699,0.80332853,2.39868164
830,585,585,0.08365645,0.01005080,1.50131989
831,283,283,0.20770830,0.65477003,1.33035851
832,220,248046,0.12500300,0.51926825,1.39257264
833,15,15,0.07460468,0.87242079,1.73383141
834,26,26,0.13641956,0.72972233,1.39568901
835,248046,248046,0.34393064,0.59552091,3.62167358
836,361,361,0.07328653,0.59285557,1.23357964
837,307,307,0.02995107,0.37396416,1.52962875
838,26,26,0.05348144,0.73376679,1.47136307
839,248046,248046,0.19326022,0.43101593,2.02622414
840,73,73,0.01607742,0.52662690,0.95014954
841,8,8,0.00944233,0.63113785,1.02965736
842,313,313,0.04372200,0.41812761,1.87004089
843,198,198,0.08842462,0.61338228,1.38048935
844,285,285,0.04723286,0.62938136,1.17706585
845,2542,2542,0.00506412,0.01852606,1.71979427
846,2153,514,0.15784129,0.26964453,1.36201859
847,343,343,0.04065939,0.02324883,1.53550720
848,283,283,0.19478124,0.78069822,1.94773865
849,830,830,0.03047995,0.38555479,0.78698158
850,3681,3681,0.03376059,0.58201872,0.99769402
851,5098,5098,0.02008855,0.10874127,1.74533463
852,198,248046,0.09146473,0.48155752,0.69477081
853,285,285,0.04460307,0.37079239,0.93863976
854,2542,2542,0.08282315,0.07447103,2.38368034
855,1373,1373,0.08282904,0.00381518,1.22090530
856,281,318,0.09918911,0.08651294,1.29516411
857,476,476,0.16777952,0.73791993,1.26140976
858,69,69,0.03960761,0.58921690,0.99242020
859,94679,94679,0.02317829,0.13859115,0.77280235
860,3620,3620,0.05138503,0.43655334,1.19894409
861,11,11,0.11483877,0.76394709,2.00480843
862,343,343,0.01621022,0.09385263,0.59882379
863,16,16,0.03325278,0.00763543,1.67425537
864,13,248046,0.03864532,0.31526149,0.90657473
865,20,20,0.07334057,0.20915942,2.64277601
866,69,69,0.04124577,0.56151108,0.94536972
867,11,11,0.06054121,0.45241879,1.08928847
868,2542,2542,0.05710776,0.53716948,0.87256050
869,1174,1174,0.00825236,0.34466995,1.08012390
870,198,248046,0.04440813,0.33468652,0.83229208
871,248046,248046,0.00281719,0.11881940,2.03775978
872,333,333,0.01952125,0.39216449,0.77054912
873,248046,248046,0.04415521,0.32288285,1.04993653
874,248046,248046,0.00999043,0.15326061,1.19382572
875,248046,248046,0.28764180,0.18290150,1.77880287
876,2542,2542,0.02669865,0.43701970,0.80677986
877,26,26,0.01407385,0.29943669,2.07332134
878,248046,248046,0.02847118,0.26330283,0.68853283
879,248046,248046,0.00053730,0.12680283,1.67780447
880,248046,248046,0.00000404,0.01050565,1.78877163
881,248046,248046,0.04180620,0.07991737,2.32152653
882,248046,248046,0.00349311,0.03399128,1.03095818
883,62,248046,0.02139760,0.07853719,0.85117197
884,248046,248046,0.04442212,0.32083641,0.90643120
885,248046,248046,0.00235804,0.04538699,0.80813694
886,25,25,0.01489531,0.07146449,0.84672928
887,248046,248046,0.00009617,0.03631744,1.00344896
888,248046,248046,0.00082940,0.04902544,0.79416323
889,460,460,0.01264784,0.03490948,0.90447903
890,248046,248046,0.03588725,0.28683386,0.98841333
891,220,248046,0.01348464,0.20010394,0.75875235
892,15,15,0.00583233,0.27484152,0.98357880
893,248046,248046,0.00506320,0.15968028,1.02600718
894,248046,15,0.36697893,3.18552223,6.01196003
895,248046,248046,0.00039462,0.04236554,1.29446673
896,248046,248046,0.00187025,0.07703990,1.36634314
897,248046,248046,0.00362854,0.08677182,1.18652344
898,343,343,0.02591794,0.09182221,0.92364430
899,248046,248046,0.01090771,0.14898972,0.78197098
900,869,869,0.01417598,0.25748723,0.74417257
901,248046,248046,0.01958239,0.22338184,1.27179861
902,248046,248046,0.00037828,0.06090750,0.88518262
903,19490,19490,0.03805803,0.51929317,0.97217369
904,1590,1590,0.01136055,0.20633987,0.93851399
905,248046,248046,0.02656298,0.29481332,0.80384618
906,248046,248046,0.02115832,0.23073866,1.05783939
907,2702,2702,0.00286787,0.04549591,1.53619099
908,283,1373,0.00684338,0.03775330,0.74695396
909,869,248046,0.02938732,0.05152138,0.83251619
910,927,927,0.01564494,0.01970055,0.70357323
911,478,478,0.00786147,0.07182226,0.76888037
912,248046,248046,0.01246418,0.18186601,0.98253822
913,16,16,0.00895882,0.03360685,1.48715591
914,8,8,0.00688987,0.14940882,0.98113704
915,248046,248046,0.00007679,0.00209981,0.91785622
916,869,248046,0.01301784,0.17500357,0.69379950
917,248046,248046,0.00053336,0.05319917,0.94544029
918,248046,248046,0.00789097,0.21336873,1.14614177
919,248046,248046,0.00191349,0.07260810,2.56196690
920,248046,248046,0.00947817,0.18095986,0.77484465
921,248046,248046,0.00064144,0.06791269,1.05679941
922,248046,248046,0.00284248,0.10834894,0.80866146
923,7,7,0.02559257,0.26778969,0.69392490
924,248046,248046,0.00177497,0.05046718,5.98503828
925,248046,248046,0.02411869,0.24507659,1.00504029
926,248046,248046,0.00486872,0.11944153,0.75452745
927,19490,19490,0.06037095,0.50467405,0.88946819
928,248046,248046,0.00256263,0.06925689,0.61230135
929,248046,248046,0.00007234,0.07460586,0.86301374
930,248046,248046,0.01843195,0.14751501,2.22760868
931,248046,248046,0.00206415,0.05299531,0.94265920
932,248046,248046,0.00108593,0.02378479,0.90632933
933,248046,248046,0.00356073,0.08578880,0.97216320
934,248046,248046,0.00018948,0.03121828,0.86450928
935,248046,248046,0.00522470,0.05073425,1.14573956
936,248046,248046,0.02580378,0.01293761,1.12824488
937,248046,248046,0.01239902,0.14584856,1.13426352
938,248046,248046,0.00014762,0.05669246,1.03839540
939,248046,248046,0.00087614,0.03422007,0.96252871
940,248046,248046,0.00131798,0.03359338,0.74573374
941,248046,248046,0.00195715,0.02465897,0.91392326
942,248046,248046,0.00250761,0.01630337,0.82899952
943,248046,248046,0.00045505,0.07667666,0.88077545
944,248046,248046,0.00033343,0.07948356,1.18945932
945,248046,248046,0.06427262,0.03306388,0.97700739
946,62,62,0.00242383,0.07441579,1.16199112
947,15,15,0.04089547,0.37989469,1.23830223
948,248046,248046,0.00649363,0.13263850,0.94848442
949,17294,17294,0.00760502,0.21044584,1.07514381
950,1250,1250,0.00510921,0.05566093,0.56337857
951,4568,4568,0.00005382,0.07469907,0.73210001
952,248046,248046,0.00130820,0.01784193,0.72208643
953,248046,248046,0.00210597,0.07752238,1.07262063
954,248046,248046,0.02791945,0.34611560,1.34476566
955,248046,248046,0.00075688,0.05477970,0.81101990
956,26612,26612,0.00782568,0.17810223,1.32738614
957,280,280,0.02320614,0.02299087,0.72874665
958,25,25,0.02512952,0.34570067,0.81781244
959,9987,9987,0.00310567,0.14541274,0.59969354
960,1163,1163,0.00598301,0.10395191,0.69637865
961,248046,248046,0.00148934,0.03467379,0.70761013
962,248046,248046,0.02613431,0.13244918,2.07423425
963,1089,1089,0.00091112,0.04380153,0.77141380
964,248046,248046,0.02014031,0.23624790,1.83496475
965,248046,248046,0.01753096,0.21439945,1.18707776
966,248046,248046,0.04931905,0.44421708,2.49064302
967,9087,9087,0.00119637,0.02517726,1.20173120
968,248046,248046,0.00001296,0.10524375,1.52982330
969,248046,248046,0.00000622,0.07307630,2.10294819
970,248046,248046,0.20942997,0.37607641,3.59505272
971,248046,248046,0.02019004,0.29827197,1.28767633
972,9705,9705,0.00083417,0.04260059,0.93419647
973,31049,31049,0.00744379,0.21011675,0.86661816
974,5762,5762,0.00319493,0.27993872,0.65065384
975,248046,248046,0.00002636,0.00251033,1.42741203
976,248046,248046,0.00138169,0.08054964,0.81364983
977,248046,248046,0.01727941,0.19796864,2.14771652
978,248046,248046,0.00081548,0.20561673,1.08165789
979,1193,1193,0.00720193,0.29516476,0.78159142
980,20114,20114,0.00180821,0.10124240,1.13861990
981,19860,19860,0.00844790,0.44197835,0.59487820
982,16,16,0.00565750,0.16487398,0.88984776
983,248046,248046,0.00004449,0.00333142,1.01670361
984,248046,248046,0.00024553,0.02801013,0.97327614
985,262,262,0.00387730,0.15214552,2.69007540
986,248046,248046,0.00103897,0.14388689,1.66762447
987,6761,248046,0.03637932,0.30875666,0.92391419
988,26,248046,0.00362837,0.11303850,0.86920547
989,248046,248046,0.01272829,0.18740433,0.73563385
990,248046,248046,0.00251619,0.06017067,6.04240036
991,248046,248046,0.00061367,0.01246688,1.45654917
992,248046,248046,0.00234763,0.11542373,2.30830932
993,26,248046,0.10064589,0.45609606,1.16651869
994,248046,248046,0.00792242,0.22075648,1.13755131
995,248046,248046,0.00093266,0.03718586,2.51279497
996,248046,248046,0.02877695,1.15569750,5.21155453
997,17102,17102,0.02581603,0.34937118,0.88291550
998,248046,248046,0.00096305,0.10605691,1.17371511
999,248046,248046,0.00080785,0.10128071,1.65873814
1000,248046,248046,0.00004447,0.06684784,3.02340937
1001,248046,248046,0.00157891,0.12618273,1.00197554
1002,1911,1911,0.00045193,0.05022618,0.65480757
1003,248046,248046,0.04210025,0.31847629,0.84079361
1004,7698,7698,0.04520521,0.55064772,0.85672879
1005,62,62,0.00314085,0.27775120,0.68077850
1006,16,16,0.01324930,0.33649506,0.76318884
1007,2654,2654,0.00380551,0.11779133,1.06106615
1008,2153,2153,0.01784064,0.26794769,0.84775746
1009,248046,248046,0.00462393,0.14163930,1.53459525
1010,248046,248046,0.00279876,0.13825494,1.56695127
1011,11,248046,0.01563877,0.21859364,0.96973157
1012,248046,248046,0.00372545,0.13619213,3.11742401
1013,307,307,0.01435016,0.31247902,1.29408503
1014,8,8,0.10017754,0.78683049,1.92501068
1015,248046,248046,0.00002466,0.07592410,1.05052114
1016,248046,248046,0.00367865,0.13120901,2.40696764
1017,262,262,0.00059789,0.06144130,1.47193956
1018,2153,2153,0.06979047,0.32308402,2.20043850
1019,2542,248046,0.06332159,0.41025974,0.80181611
1020,248046,248046,0.04784151,0.33697892,1.08105850
1021,220,220,0.05713602,0.42486807,0.93672562
1022,248046,248046,0.02360391,0.23947191,1.51396036
1023,13,248046,0.71529943,0.88315085,6.91199398
1024,15,15,0.00005351,0.07898455,2.87437797
1025,248046,69,0.07067998,0.75599770,2.46590805
1026,248046,248046,0.09885581,0.44275648,1.28083706
1027,248046,248046,0.01489088,0.19667378,1.17301953
1028,248046,248046,0.00067360,0.10291437,7.70106411
1029,248046,248046,0.00844466,0.20574205,2.23161745
1030,248046,248046,0.00028924,0.11027687,1.24740982
1031,23949,32,0.10835501,0.00306939,1.19945335
1032,248046,248046,0.00029154,0.04335663,0.94206047
1033,248046,248046,0.12644263,0.49451834,1.28621674
1034,248046,248046,0.08689335,0.46836824,1.67248154
1035,15,15,0.01636758,0.04224058,1.37203169
1036,248046,248046,0.03845835,0.31100719,2.90079308
1037,248046,248046,0.00053585,0.10248104,1.93866920
1038,248046,248046,0.06965309,0.38714362,0.98599625
1039,248046,248046,0.03085513,0.26692790,2.08913994
1040,26,248046,0.13163031,0.56186064,1.72996449
1041,248046,248046,0.00016096,0.13462416,1.98557472
1042,73,73,0.93190476,0.97474014,6.53114653
1043,248046,248046,0.19014520,0.63536401,1.90928459
1044,248046,248046,0.01853187,0.19174355,2.24096298
1045,248046,248046,0.05459688,0.34862472,1.09568024
1046,285,248046,0.08227124,0.42280144,2.00564170
1047,248046,248046,0.08784231,0.30332457,1.20369148
1048,2153,248046,0.06953154,0.39850922,1.06079292
1049,248046,248046,0.00091047,0.21987010,1.89389801
1050,283,283,0.12504581,0.57630828,1.21614456
1051,248046,248046,0.00116401,0.02758834,1.89566135
1052,248046,248046,0.00006727,0.11977045,3.06547785
1053,248046,248046,0.00707993,0.12224072,2.19572234
1054,198,248046,0.07279514,0.41092548,1.26821423
1055,248046,248046,0.00450676,0.04168774,1.60604858
1056,248046,248046,0.11386079,0.24997499,3.68765497
1057,283,283,0.05551842,0.63050832,1.17607498
1058,1407,1407,0.04598375,0.44852183,1.06876373
1059,476,476,0.01722045,0.49402242,0.71315408
1060,69,248046,0.27032560,0.63571872,3.13514304
1061,1667,1667,0.00209248,0.65123400,0.80094737
1062,3620,3620,0.04163345,0.54936664,0.87448502
1063,11,11,0.15662376,0.61131076,1.22030067
1064,220,248046,0.09996212,0.46507615,1.02711868
1065,15,15,0.19505516,0.67123868,1.52864838
1066,248046,248046,0.00050401,0.03866133,2.38341045
1067,20,20,0.00173646,0.04248399,3.50721550
1068,69,69,0.02309016,0.58822931,1.26653624
1069,11,248046,0.03693269,0.31759653,1.29565394
1070,248046,248046,0.01761596,0.10106530,0.84879947
1071,248046,248046,0.00410488,0.14634822,1.20689285
1072,248046,248046,0.01486432,0.26934441,1.42530441
1073,248046,248046,0.00001113,0.05594335,0.97144413
1074,248046,248046,0.00230846,0.08708650,2.38482046
1075,248046,248046,0.02297120,0.33554506,6.19026327
1076,248046,248046,0.00072666,0.05862354,3.25267029
1077,248046,248046,0.00123628,0.06472567,2.04243016
1078,2542,2542,0.04227086,0.37217334,0.77528000
1079,248046,248046,0.00403943,0.10823492,3.23701477
1080,248046,248046,0.00212209,0.09055967,1.33157468
1081,248046,248046,0.00021851,0.12861383,2.22506022
1082,248046,248046,0.01755752,0.27536727,0.59677386
1083,727,727,0.00132850,0.20169280,2.55370593
1084,5604,5604,0.00870987,0.49459991,0.79873657
1085,62,62,0.00647733,0.47064928,1.15433621
1086,16,16,0.00688468,0.35297009,1.02720475
1087,19490,19490,0.00788382,0.37112160,0.92360115
1088,1590,1590,0.02378065,0.52047101,1.07512474
1089,248046,248046,0.00695015,0.16669818,0.86740041
1090,262,262,0.00979482,0.35606369,0.85000253
1091,248046,248046,0.08475795,0.09164007,2.47804546
1092,283,283,0.01718233,0.47408841,0.96371651
1093,248046,248046,0.00358747,0.11419299,0.86169672
1094,248046,248046,0.00349695,0.20154735,2.41853690
1095,248046,248046,0.23705977,0.61097656,2.66717935
1096,248046,248046,0.03417431,0.19692777,6.63149738
1097,248046,248046,0.00575200,0.16572995,1.44728756
1098,248046,248046,0.00071794,0.03327490,1.36268115
1099,248046,248046,0.01984644,0.28596386,1.48378754
1100,1857,1857,0.02921908,0.54915281,1.05803871
1101,11,11,0.03700326,0.61830934,1.22330475
1102,248046,248046,4.72005407,13.98475754,19.52824211
1103,303,303,0.11081892,0.57042751,1.66651750
1104,248046,248046,0.03060793,0.32670433,4.43146658
1105,19490,19490,0.00638071,0.72752762,1.55800629
1106,248046,248046,0.14934374,0.10820249,6.15636730
1107,248046,248046,0.06554538,0.40654848,1.29064178
1108,262,262,0.04817858,0.06248652,0.98321390
1109,248046,248046,0.72847301,0.31677519,4.09368896
1110,1373,1373,0.03481601,0.59345673,1.20609856
1111,318,318,0.09912303,0.60641793,1.13208580
1112,1209,1209,0.01788234,0.63227860,1.36567140
1113,478,478,0.11875471,0.68341021,3.72929430
1114,220,220,0.38814137,0.92555933,2.39270973
1115,16,248046,0.19956741,0.60340924,1.08803511
1116,8,8,0.03412972,0.78832640,1.44023895
1117,248046,248046,0.16708814,0.53850292,2.03703642
1118,248046,248046,0.01353408,0.01141521,1.90230536
1119,248046,248046,0.00002197,0.03009059,2.09529877
1120,248046,248046,0.00598396,0.11060191,1.68663669
1121,248046,248046,0.00082218,0.09738650,2.38899851
1122,2702,2702,0.01997568,0.35197251,0.75439072
1123,248046,248046,0.19426290,0.56613703,7.34317112
1124,248046,248046,0.00766324,0.11147088,1.25169754
1125,7,7,0.05326894,0.63777933,1.05355191
1126,248046,248046,0.00933034,0.24348039,1.49862194
1127,248046,248046,0.01491837,0.30442075,1.75259399
1128,248046,248046,0.00003664,0.06907666,3.02898932
1129,19490,19490,0.00884477,0.53359440,1.13019681
1130,248046,248046,0.19598408,0.46770183,1.33592415
1131,248046,248046,0.00016711,0.02161771,0.77108765
1132,2,2,0.01392492,0.30780836,1.48909926
1133,78503,78503,0.00920912,0.41876558,1.76416683
1134,17592,17592,0.01618962,0.28425310,0.77210236
1135,1906,248046,0.03193682,0.29916802,0.70322990
1136,248046,248046,0.05372026,0.34633676,1.06204987
1137,4918,248046,0.13087124,0.50409081,1.13130760
1138,5284,248046,0.12212502,0.50511817,1.28624916
1139,248046,248046,0.03382679,0.29312013,1.34512997
1140,11,11,0.00526422,0.15524230,0.73230553
1141,248046,248046,0.00077446,0.22071809,4.85521412
1142,4570,4570,0.21885710,0.67377643,1.77581215
1143,7308,7308,0.03546230,0.48208795,1.20218468
1144,2937,2937,0.05525051,0.50667823,1.27590942
1145,248046,248046,0.00817576,0.16922265,1.87120104
1146,248046,248046,0.00089999,0.05827254,0.92344618
1147,74614,74614,0.00041117,0.09973459,0.83099437
1148,62,62,0.00065392,0.16026236,0.61499786
1149,248046,248046,0.02145762,0.25057318,1.66982675
1150,248046,248046,0.00773381,0.14968771,1.05488491
1151,10300,10300,0.00596482,0.24999175,0.74727297
1152,1250,1250,0.01495708,0.40833755,0.91729927
1153,4568,4568,0.18093649,0.86316342,6.32773113
1154,62,62,0.01510676,0.60737465,1.17733121
1155,16,16,0.07997983,0.49309834,2.49814057
1156,11,11,0.01982586,0.28007134,0.89113188
1157,248046,248046,0.20663559,1.91857007,4.91588831
1158,26612,26612,0.04203052,0.39112553,0.85822105
1159,1455,248046,0.02682238,0.29094580,1.80406189
1160,25,25,0.01349001,0.47479492,0.99390793
1161,248046,248046,0.00460846,0.06753606,6.48519278
1162,1163,1163,0.00521451,0.24630937,1.29502869
1163,248046,248046,0.00060635,0.03748234,1.82561398
1164,248046,248046,0.30195822,0.60544484,5.04834270
1165,1089,1089,0.00540205,0.54628133,1.37035942
1166,248046,248046,0.00309144,0.05785320,1.44003010
1167,248046,248046,0.00393856,0.22057644,3.87577057
1168,248046,248046,0.00325700,0.06126522,2.92364120
1169,248046,248046,0.00118283,0.05834429,1.45910037
1170,248046,248046,0.00000001,0.05180692,1.45821762
1171,248046,248046,0.00000024,0.06091733,1.63898420
1172,248046,248046,0.00018076,0.05308331,1.25848293
1173,69892,69892,0.00272383,0.17655509,1.04283082
1174,9705,9705,0.00511145,0.21690617,1.14617395
1175,31049,31049,0.00045512,0.05205584,0.61373043
1176,248046,5762,3.64878630,45.61926465,7.59684134
1177,3010,248046,0.01057520,0.18754456,1.14801693
1178,248046,248046,0.00070433,0.04702973,1.36205494
1179,17,248046,0.06762857,0.40857118,1.86756742
1180,248046,248046,0.00000040,0.00530012,1.37916529
1181,1193,1193,0.00035604,0.04400671,0.97222614
1182,20114,20114,0.04894561,0.40284327,0.89906311
1183,19860,19860,0.00042914,0.15447913,2.99376869
1184,17,248046,0.01392927,0.21680859,1.55427670
1185,248046,248046,0.00249711,0.09631530,0.94862175
1186,248046,248046,0.27032433,0.63674495,5.64808989
1187,248046,248046,0.00220292,0.08288880,1.06021547
1188,248046,248046,0.00061843,0.10484258,2.08623505
1189,248046,248046,0.00130040,0.24909486,4.35668564
1190,26,26,0.00085945,0.07491931,0.91311073
1191,248046,248046,0.00019678,0.02467801,1.19810975
1192,248046,248046,0.00065244,0.13247699,2.03978014
1193,248046,248046,0.11428842,0.43737781,2.19504929
1194,248046,248046,0.01920226,0.18741164,8.01866722
1195,26,26,0.05068441,0.76344389,1.03561974
1196,198,248046,0.63229914,0.80485115,6.60059118
1197,248046,248046,0.00181657,0.03569753,2.55498409
1198,248046,248046,0.00333301,0.03235513,1.73476028
1199,17102,17102,0.28242685,0.84102091,2.42479277
1200,248046,248046,0.00053405,0.05186945,1.71603000
1201,248046,248046,0.00191569,0.11966502,3.93993187
1202,248046,248046,0.00031699,0.08057136,1.91482353
1203,248046,248046,0.00446938,0.12412509,0.94866461
1204,248046,248046,0.00066897,0.09723943,1.53451347
1205,2153,2153,0.00146549,0.07558521,1.26617336
1206,7698,7698,0.00229000,0.27980102,0.79174137
1207,62,62,0.00320895,0.44194385,0.89800417
1208,17,17,0.00217826,0.04643038,1.38742518
1209,248046,248046,0.01160442,0.18308941,0.78909540
1210,248046,248046,0.00123595,0.06381551,1.32706130
1211,248046,248046,0.00036037,0.18521088,3.47453189
1212,248046,248046,0.00011319,0.03000714,2.30744648
1213,11,11,0.02066388,0.38362937,1.58880627
1214,248046,248046,0.00087096,0.02107550,1.08762503
1215,248046,248046,0.01671897,0.10061100,1.88733292
1216,8,248046,0.38185129,0.76435860,1.50081062
1217,248046,248046,0.00002261,0.02077370,4.20789528
1218,248046,248046,0.01874507,0.24150330,1.05973315
1219,262,262,0.01173633,0.36527466,1.18023348
1220,248046,248046,0.00800527,0.00176485,1.52909994
1221,248046,248046,0.00066119,0.02588050,2.62527847
1222,248046,248046,0.00078821,0.10312218,1.09278870
1223,248046,248046,0.00270887,0.14715198,1.48112226
1224,248046,248046,0.10777449,0.23073386,2.26425171
1225,13,248046,0.97786983,0.87037211,3.76398182
1226,248046,248046,0.01496213,0.22006317,1.43682241
1227,248046,248046,0.00001611,0.03127801,3.56847239
1228,248046,248046,0.00131580,0.12833020,6.39097261
1229,248046,248046,0.00596370,0.13354697,1.72720408
1230,248046,248046,0.00086309,0.00860127,3.25398731
1231,248046,248046,0.23224994,0.18548205,3.35976529
1232,248046,248046,0.00076602,0.06822511,1.09017658
1233,248046,248046,0.10470651,0.22647767,1.47631073
1234,248046,248046,0.00177511,0.08046793,1.38914824
1235,283,248046,0.19627259,0.57103715,1.58501196
1236,248046,248046,0.24691289,0.64076214,2.00368881
1237,15,15,0.02046411,0.02957729,5.84002542
1238,248046,248046,0.01488907,0.13565993,2.41090202
1239,248046,248046,0.00187697,0.13580909,3.46131516
1240,361,248046,1.30470341,0.92059657,3.23693848
1241,248046,248046,0.14869852,0.48857075,2.13572311
1242,248046,248046,0.06274047,0.48332502,1.99396515
1243,248046,248046,0.00089195,0.18708157,2.36087990
1244,248046,248046,0.04882382,0.23602684,1.70626378
1245,248046,248046,0.00031269,0.14282688,1.61835849
1246,248046,248046,0.05505549,0.07113237,3.23368120
1247,198,248046,0.42295968,0.73001215,4.09720373
1248,262,248046,0.25962255,0.03120228,1.40467644
1249,248046,248046,0.02281773,0.05505678,5.12116623
1250,248046,248046,0.00170584,0.21514357,2.32341766
1251,248046,248046,0.02502788,0.32609579,6.75104332
1252,283,283,0.18672929,0.67323158,1.66916466
1253,830,248046,1.00075232,0.77704108,4.15472221
1254,248046,248046,0.00014734,0.03037706,2.28247929
1255,248046,248046,0.00269668,0.10545886,0.88063002
1256,198,248046,0.17120211,0.59406986,1.03873062
1257,248046,248046,0.00508474,0.09720563,1.83982706
1258,248046,248046,0.19644624,0.12607175,5.12808132
1259,283,283,0.00930145,0.57486009,0.81194878
1260,248046,248046,0.02256859,0.18285390,2.81909561
1261,248046,248046,0.00621071,0.06881026,3.08635211
1262,248046,248046,0.01385235,0.16282241,3.95479035
1263,248046,248046,0.27199247,0.30816585,5.39504766
1264,3620,3620,0.01513540,0.45972884,1.17463160
1265,11,11,0.02793321,0.46772108,1.61152482
1266,220,248046,1.30447965,0.91691952,3.22566605
1267,15,248046,0.77647295,0.88254828,2.21896362
1268,13,248046,0.25382717,0.62099693,1.64368844
1269,248046,248046,0.00269325,0.01475732,4.54077053
1270,248046,248046,0.03261776,0.31487304,2.12261796
1271,11,11,0.00095071,0.06095142,7.46315527
1272,248046,248046,0.33698677,0.12015522,3.37895775
1273,248046,248046,0.00027603,0.17506356,1.49873734
1274,248046,248046,0.19722762,0.62668287,4.12532902
1275,248046,248046,0.00515068,0.01812166,2.42788482
1276,333,248046,0.11465775,0.50886357,1.60180068
1277,198,248046,0.14269458,0.54598577,1.96846223
1278,248046,248046,0.00205574,0.01678091,1.43026876
1279,248046,248046,0.00025169,0.00232483,2.17353964
1280,248046,248046,0.04420843,0.31034329,7.28797054
1281,248046,248046,0.00008060,0.10246832,2.49113083
1282,248046,248046,0.00001848,0.03781523,3.61286068
1283,248046,248046,0.02794386,0.06335346,7.55264854
1284,248046,248046,0.00773449,0.15726320,0.98234653
1285,248046,727,6.67125952,237.82480012,8.75120163
1286,5604,5604,0.00078364,0.44951856,0.96999967
1287,62,62,0.00101939,0.29207030,1.09559822
1288,17,17,0.05282152,2.13293320,3.25124931
1289,19490,19490,0.00041536,0.12871740,0.96225864
1290,1590,1590,0.00028069,0.14196220,1.06790161
1291,248046,248046,0.02053780,0.33495429,7.03067112
1292,262,262,0.01833303,0.68311210,0.82168126
1293,248046,248046,0.21300785,0.14693077,4.39086199
1294,283,283,0.01301188,0.51810287,1.71482849
1295,248046,248046,0.01247613,0.19154227,2.08648086
1296,248046,248046,0.01164946,0.14660377,1.34527707
1297,248046,248046,0.01197616,0.17065127,2.14482498
1298,248046,248046,0.00075383,0.19718978,5.98612547
1299,248046,248046,0.00254882,0.10282880,1.20792222
1300,248046,248046,0.06131459,0.21007022,2.58524442
1301,248046,248046,0.00273212,0.00092874,1.05159831
1302,248046,248046,0.01373659,0.05377234,3.40496063
1303,11,11,0.00594518,0.35174205,1.21950150
1304,248046,248046,0.00016879,0.01419517,0.82264662
1305,248046,248046,0.08507921,0.41723467,1.44501495
1306,248046,248046,0.02683979,0.25010230,5.79629946
1307,248046,248046,0.01622264,0.29773459,2.37054348
1308,248046,248046,0.03311419,0.37385236,1.23899174
1309,248046,248046,0.19726201,0.57221616,2.22572279
1310,248046,248046,0.01666169,0.08811339,2.51154137
1311,248046,248046,0.02240937,0.22110333,5.90712738
1312,248046,248046,0.00017590,0.13781003,3.89807844
1313,248046,248046,0.34873952,0.35375704,2.83303833
1314,248046,248046,0.03291795,0.24315495,2.22999215
1315,248046,248046,0.00029070,0.10811324,2.21087193
1316,248046,220,0.22652653,1.22116248,6.86284447
1317,248046,248046,0.01582363,0.26231671,3.13916659
1318,248046,248046,0.19063095,0.56863299,4.20559502
1319,248046,248046,0.00001752,0.01552271,1.94360971
1320,248046,248046,0.01658069,0.05118473,1.95279980
1321,248046,248046,0.00002002,0.01599670,2.15768528
1322,248046,248046,0.01505480,0.10780642,2.98318815
1323,248046,248046,0.00765440,0.04723321,1.62308884
1324,248046,248046,0.00017758,0.07103856,3.02000237
1325,593,248046,0.05153731,0.39077708,0.89420533
1326,248046,248046,0.00405827,0.11337981,1.55415535
1327,7,248046,0.99343384,0.91537521,2.59968948
1328,248046,248046,0.00820980,0.15501667,2.79611421
1329,248046,248046,0.01391347,0.38841380,5.01050138
1330,248046,248046,0.00506826,0.03362775,4.82030964
1331,248046,248046,0.03819263,0.24583069,2.23070145
1332,8,8,0.01474378,0.03647665,2.67605710
1333,248046,248046,0.00096199,0.09533120,0.97684765
1334,248046,248046,0.05154019,0.34414304,1.60791159
1335,78503,78503,0.02601456,0.35095946,0.85735130
1336,248046,248046,0.04208245,0.40657750,1.67712116
1337,248046,248046,0.00214349,0.11585109,1.21875572
1338,248046,248046,0.00033077,0.06883339,1.34326029
1339,248046,248046,0.00105392,0.05912807,6.34705162
1340,248046,248046,0.00053434,0.17379300,2.70386696
1341,248046,248046,0.00036294,0.09455778,5.39873028
1342,248046,248046,0.53703612,2.50305423,10.00235271
1343,248046,248046,0.00012570,0.13918148,7.06629086
1344,248046,248046,0.00547649,0.14316353,2.32495689
1345,248046,248046,0.00263749,0.06689085,10.50130081
1346,248046,248046,0.00016584,0.05165568,1.91431260
1347,248046,248046,0.00255807,0.20379125,5.04934835
1348,248046,248046,0.02401364,0.28844590,1.36821747
1349,74614,74614,0.19565528,0.70014249,1.56512547
1350,62,62,0.00432046,0.41467565,0.94483376
1351,17,248046,1.13136050,0.89403856,2.22292590
1352,248046,248046,0.04718316,0.33528425,0.94780529
1353,248046,248046,0.00065895,0.00218408,2.41031075
1354,1250,1250,0.04997405,0.49005907,2.01795816
1355,248046,248046,0.00143129,0.13634057,2.13930035
1356,62,62,0.00629534,0.34333441,1.18968391
1357,248046,248046,0.33673164,0.69213929,1.62745237
1358,248046,248046,0.00834113,0.15044534,1.32357359
1359,248046,248046,0.00058311,0.33701498,8.13340950
1360,26612,248046,0.08149395,0.44036225,1.11575603
1361,248046,248046,0.00006148,0.05323544,5.15488720
1362,25,25,0.00363502,0.30747765,0.75819314
1363,248046,248046,0.17069416,1.02557257,4.94546413
1364,248046,248046,0.03949146,0.25702549,4.04863453
1365,248046,248046,0.00123141,0.02623878,3.71504307
1366,248046,248046,0.11959961,0.13903071,4.18150997
1367,248046,248046,0.09113791,0.43189901,1.42700243
1368,248046,248046,0.00018763,0.00940718,1.03749466
1369,248046,248046,0.01037189,0.06729598,2.50039577
1370,16,16,0.09709127,0.52620385,1.34641123
1371,248046,248046,0.00294502,0.09671514,1.83602238
1372,248046,248046,0.00000022,0.11340483,1.62609673
1373,248046,248046,0.00000006,0.00208325,2.31725216
1374,248046,248046,0.00012272,0.07558290,1.57258546
1375,248046,69892,0.03388849,0.47560841,1.24547803
1376,9705,248046,0.00007174,0.01470590,0.97514725
1377,31049,31049,0.00111314,0.09715038,1.20179558
1378,5762,5762,0.00002083,0.17461228,1.23554659
1379,248046,248046,0.10036025,0.44443533,1.53616977
1380,248046,248046,0.00380746,0.10904858,1.07306337
1381,18,18,0.03116044,0.44094446,8.06943321
1382,248046,248046,0.00011165,0.05796304,3.46301198
1383,1193,1193,0.00021554,0.04798860,1.49021244
1384,20114,20114,0.01123258,0.22233691,1.38696504
1385,19860,19860,0.00325229,0.33603560,0.96918392
1386,18,18,0.03274426,0.42061791,2.37414074
1387,248046,248046,0.01564796,0.29776023,1.21718025
1388,248046,248046,0.01098638,0.18584572,1.89584446
1389,248046,248046,0.01250519,0.18158969,1.00369167
1390,248046,248046,0.01878378,0.04721990,1.18963146
1391,248046,248046,0.00298283,0.10349744,1.63763118
1392,26,26,0.00699402,0.22884373,1.69586897
1393,248046,248046,0.07007448,0.44432764,7.68186092
1394,262,248046,0.64045787,0.80603147,6.95327330
1395,1534,248046,0.33408754,0.46446776,3.39288449
1396,248046,248046,0.01715738,0.15913629,4.12986851
1397,26,248046,0.45494424,0.74691032,1.85178089
1398,198,198,0.02819508,0.76642480,1.52841568
1399,248046,248046,0.00147316,0.12489635,2.33787012
1400,248046,248046,0.02432753,0.08494885,2.18136311
1401,248046,248046,0.03941156,0.23960534,7.42027855
1402,248046,248046,0.03137531,0.27408546,2.09430218
1403,248046,248046,0.00210949,0.15012915,1.05221176
1404,248046,248046,0.00022061,0.06023722,6.05705070
1405,248046,248046,0.06127149,0.37173645,1.01902533
1406,248046,248046,0.52596060,0.87139356,13.42106533
1407,2153,2153,0.00005465,0.02586811,1.13008487
1408,248046,248046,0.00019316,0.05507042,2.16075182
1409,62,62,0.00089707,0.38230759,1.26654816
1410,248046,18,0.84892171,97.49733376,6.69809675
1411,2654,2654,0.00198603,0.12743834,1.19020939
1412,248046,248046,0.00028178,0.12323943,3.34844065
1413,248046,248046,0.00015298,0.02740457,4.10252666
1414,248046,248046,0.11433124,0.53497448,2.23967361
1415,11,11,0.02036446,0.61814434,1.13320446
1416,248046,248046,0.28792569,0.42848976,3.72070503
1417,248046,248046,0.11680844,0.54511069,2.92097759
1418,8,8,0.06442211,0.87483763,2.40329933
1419,248046,248046,0.00069034,0.12954210,3.17145729
1420,198,248046,0.05467365,0.38276103,4.06373215
1421,262,262,0.04116345,0.55425219,1.16788840
1422,248046,248046,0.04192196,0.33084007,2.40864420
1423,248046,248046,0.23372588,0.17328851,2.31972694
1424,248046,248046,0.00166568,0.10057470,1.39132118
1425,248046,248046,0.07589581,0.36549159,2.00718212
1426,248046,248046,0.66154921,0.25293205,6.11593914
1427,248046,248046,0.44239896,0.83965388,8.95528793
1428,248046,248046,0.08368057,0.45212138,2.28136992
1429,248046,248046,0.00143604,0.03366346,8.37859917
1430,248046,248046,0.01483294,0.33132461,2.17402792
1431,248046,248046,0.00021257,0.03319784,2.84065342
1432,248046,248046,0.12354631,0.46069022,6.23388720
1433,248046,248046,0.02056478,0.17343166,1.76707006
1434,248046,248046,0.00235310,0.16183381,1.34544754
1435,390,390,0.02199902,0.44166482,1.96981072
1436,492,492,0.00335908,0.48181444,1.46789610
1437,283,248046,0.11695764,0.49773645,0.92279053
1438,220,220,0.08971982,0.61405503,5.51015615
1439,15,15,0.32296256,0.55884856,2.22718239
1440,248046,248046,0.00447963,0.30214495,3.58992338
1441,248046,248046,0.00527796,0.08077088,1.81838679
1442,361,248046,2.24140600,0.98543756,8.95797062
1443,220,436,0.42065906,0.60785373,4.11580658
1444,248046,248046,0.00290425,0.36913689,2.58832407
1445,248046,248046,0.00124587,0.16745766,1.60847294
1446,248046,248046,0.48640649,0.19193425,7.76348877
1447,248046,248046,0.00798561,0.24827996,2.29151630
1448,248046,248046,0.02613654,0.33490174,2.00407791
1449,248046,248046,0.05561032,0.54171163,5.91728592
1450,248046,248046,0.10116787,0.10494036,1.22342038
1451,248046,248046,0.00729246,0.15594807,2.37201691
1452,248046,248046,0.00525767,0.07490373,1.66255951
1453,248046,248046,0.19195860,0.16835670,1.80338669
1454,283,283,0.15701217,0.78777013,0.85999584
1455,248046,248046,0.02249776,0.20597516,1.21141696
1456,248046,248046,0.02903729,0.43182703,2.71193886
1457,248046,248046,0.01686044,0.26758648,6.30163860
1458,198,198,0.19076768,0.72530583,3.47714520
1459,248046,248046,0.00263956,0.03199576,2.97889185
1460,533,533,0.41370687,0.05624605,3.67567921
1461,283,283,0.01181626,0.64137319,0.79578972
1462,248046,248046,0.58290954,0.25927050,3.42018223
1463,198,248046,0.29146743,0.14755152,5.04995441
1464,248046,248046,0.21731243,0.23125942,4.96936035
1465,1667,248046,2.55693012,0.96587862,5.25448322
1466,248046,248046,0.00041166,0.01293694,2.24674892
1467,11,11,0.16239729,0.90006286,7.38958645
1468,220,220,0.01985865,1.58316071,2.03468537
1469,15,248046,0.67447152,0.63232503,2.32214165
1470,13,13,0.03612699,0.44421937,2.86217833
1471,15,248046,0.39862744,0.02920725,1.71766841
1472,87,87,0.12980361,0.16798295,3.01421642
1473,248046,248046,0.00437610,0.25993875,5.33533192
1474,248046,248046,0.00449145,0.07036996,1.71400785
1475,248046,8,0.71765807,0.23687280,10.45305252
1476,248046,248046,0.00001984,0.00280411,1.72393894
1477,248046,248046,0.00284206,0.21522341,1.91022718
1478,248046,248046,0.00045901,0.01870732,1.53753030
1479,198,198,0.05269173,0.70866514,5.91218567
1480,248046,248046,0.04230680,0.15676580,6.60985088
1481,248046,248046,0.03155080,0.06681573,10.21115494
1482,248046,248046,0.00166713,0.13171399,1.96599650
1483,248046,248046,0.05555733,0.35746643,5.24753189
1484,248046,248046,0.04142718,0.35984251,3.61931181
1485,248046,248046,0.00015413,0.01629015,2.51569319
1486,271,271,0.04755700,0.38919257,0.78021860
1487,727,248046,1.40224792,0.96260060,7.49864864
1488,5604,5604,0.00189880,0.33011245,1.16567898
1489,62,62,0.00090505,0.16643005,2.25394821
1490,248046,248046,0.11121289,0.73303160,2.88088202
1491,19490,19490,0.00172373,0.33052468,0.85066032
1492,1590,248046,0.47799946,0.75682685,2.34846783
1493,248046,248046,0.00410503,0.19243482,4.00998306
1494,262,262,0.02255913,0.54847990,0.82894206
1495,248046,248046,0.01444541,0.20807648,5.13823128
1496,248046,248046,0.00053687,0.01397949,3.78319073
1497,248046,248046,0.40561619,0.75511610,2.31003380
1498,248046,248046,0.05178342,0.18899765,5.63663101
1499,248046,248046,0.00161804,0.23674072,6.09832668
1500,248046,248046,0.02916058,0.05840576,3.80969000
1501,248046,248046,0.00215776,0.13306616,9.44943333
1502,248046,248046,0.00546478,0.10668284,10.01958466
1503,248046,248046,0.15816584,0.24279774,3.96651316
1504,248046,248046,0.70462533,0.37743698,5.05926418
1505,11,11,0.00539994,0.58479973,1.37028289
1506,248046,248046,0.54162944,0.21968446,2.62035275
1507,248046,248046,0.08701789,0.47047020,1.79277015
1508,248046,248046,0.02731781,0.14076871,2.15596962
1509,248046,248046,0.01781693,0.18965695,3.75421906
1510,248046,248046,0.05029326,0.43650295,1.80076027
1511,248046,248046,0.00041819,0.03871999,1.65393496
1512,262,262,0.08744491,0.02572709,1.05937529
1513,248046,248046,0.02183427,0.02348190,2.49463773
1514,248046,248046,0.00232976,0.20835312,4.27422333
1515,248046,248046,0.00151510,0.05223312,1.28239012
1516,248046,248046,0.08725693,0.14900222,6.20272446
1517,248046,248046,0.00100017,0.12343874,1.72686458
1518,220,220,0.51051144,0.73820101,1.94351768
1519,248046,248046,0.45865554,0.43523382,2.94417238
1520,8,8,0.07773119,0.80164739,2.62237263
1521,248046,248046,0.00006520,0.05709243,2.10768509
1522,248046,248046,0.14649039,0.28659094,1.92551231
1523,248046,248046,0.00001606,0.04073034,2.13998413
1524,248046,248046,0.00012643,0.10766008,5.57137728
1525,248046,248046,0.00549015,0.01693354,1.48408794
1526,248046,248046,0.00022064,0.09779577,3.78219175
1527,593,593,0.10548861,0.56239504,2.26931429
1528,248046,248046,0.02954861,0.36894760,2.27318954
1529,248046,248046,0.01171804,0.23307220,3.83803892
1530,248046,248046,0.00898592,0.31102852,2.40787005
1531,248046,248046,0.00231039,0.11346898,2.38964605
1532,248046,248046,0.00316306,0.14890111,2.85740042
1533,248046,248046,0.01002954,0.47226432,3.22348452
1534,578,578,0.25555441,0.90233383,8.90987778
1535,248046,248046,0.00310620,0.03307610,1.20664740
1536,248046,248046,0.00004316,0.04630222,1.37753987
1537,248046,248046,0.00067173,0.03214366,0.93175030
1538,248046,248046,0.00038107,0.04547870,2.36122894
1539,248046,248046,0.00083200,0.14814471,1.79022002
1540,248046,248046,0.03753359,0.05493060,1.00595188
1541,248046,248046,0.00253984,0.05990909,0.65909815
1542,248046,248046,0.00535028,0.03263294,0.91195643
1543,248046,248046,0.00544341,0.00689386,0.94054866
1544,248046,248046,0.02514777,0.02174726,0.95075512
1545,248046,248046,0.00158803,0.06840324,0.72655737
1546,248046,248046,0.00455652,0.01071217,0.78425944
1547,248046,248046,0.00082917,0.04800383,1.56317449
1548,248046,248046,0.00306409,0.00192016,0.59106874
1549,248046,248046,0.00263568,0.08167286,0.55104256
1550,248046,248046,0.00107861,0.04812859,0.77106690
1551,248046,248046,0.00030794,0.01461849,0.76788950
1552,32288,32288,0.00228893,0.03090487,0.38787079
1553,11,11,0.00549903,0.11874581,0.56859064
1554,6297,6297,0.00909229,0.03745665,0.55611300
1555,7867,7867,0.01015480,0.02096133,0.50321150
1556,11,248046,0.00515413,0.13272375,0.64753270
1557,321,321,0.01181915,0.03723251,0.53038597
1558,29997,29997,0.01058270,0.05486079,0.58850431
1559,11,11,0.01323393,0.21729562,0.61853242
1560,321,321,0.00841299,0.00366515,0.74672794
1561,32,32,0.00074740,0.21357143,1.48741901
1562,65789,65789,0.00069488,0.00701351,0.55187941
1563,11,248046,0.01058351,0.18378088,0.45407104
1564,321,321,0.01290933,0.11321165,0.64806557
1565,42209,42209,0.00626851,0.01827738,0.50889444
1566,248046,248046,0.00494790,0.00163615,0.56211376
1567,314,314,0.00040639,0.04893934,0.41170311
1568,279,279,0.00708215,0.07133128,0.69572735
1569,1622,1622,0.01599631,0.01616136,0.77659750
1570,6937,6937,0.02155588,0.11628704,0.72437668
1571,660,660,0.00906901,0.05822111,0.77112007
1572,39390,39390,0.00332795,0.00669314,0.37083435
1573,39390,39390,0.00382454,0.09469878,0.51943874
1574,279,279,0.00390109,0.04964550,1.04817963
1575,31802,31802,0.01104569,0.04946337,0.97731018
1576,216387,216387,0.00778794,0.02005983,0.69268823
1577,13,13,0.00278682,0.11827174,0.54617953
1578,248046,248046,0.00081047,0.03487451,0.59197617
1579,69892,69892,0.02393238,0.04542360,0.92922020
1580,11960,11960,0.01623221,0.05786529,0.83505905
1581,8646,2790,0.01951370,0.06162544,0.69541055
1582,799,799,0.02404827,0.21531839,0.76784658
1583,3759,7911,0.00503479,0.01556016,0.75330544
1584,3759,3759,0.00462472,0.05410077,0.61141682
1585,506,506,0.00400155,0.08968738,0.50571823
1586,264,264,0.01101997,0.26183891,0.92141724
1587,854,854,0.00291939,1.95489106,2.38645792
1588,1345,1345,0.00118033,0.02032676,0.51802444
1589,7189,7189,0.00819945,0.10071458,0.82761765
1590,279,279,0.01039746,0.00691401,0.91111565
1591,55404,55404,0.01094131,0.03127607,0.68466377
1592,321,321,0.01534559,0.02951836,1.12125683
1593,321,321,0.02423775,0.39675574,0.68750763
1594,9495,9495,0.00316448,0.03981873,0.65357971
1595,7465,7465,0.01189233,0.06211025,0.83127594
1596,13,13,0.00490273,0.13266849,0.85039568
1597,248046,248046,0.00011360,0.02504493,1.42302847
1598,1220,1220,0.00458600,0.05949938,0.39872169
1599,381,381,0.00288500,0.04396693,0.45372963
1600,8981,8981,0.01265742,0.01399542,1.01298928
1601,1528,1528,0.01498221,0.00244641,0.84468198
1602,13914,13914,0.01217750,0.02108769,0.88267803
1603,494,494,0.00648551,0.16061754,0.97472906
1604,39219,39219,0.01270171,0.01959490,0.55303812
1605,14658,14658,0.00491885,0.00504620,0.71668816
1606,11,11,0.02606794,0.07882609,0.67719078
1607,1521,1521,0.00421191,0.08408332,0.71058249
1608,1220,1220,0.00407044,0.00122272,0.50217772
1609,31997,31997,0.00554068,0.04998034,0.85583246
1610,37972,37972,0.01036639,0.04480634,0.61345178
1611,494,494,0.01326625,0.33495032,0.74921417
1612,27193,27193,0.00454195,0.00229984,0.75499153
1613,87363,87363,0.00230955,0.04366044,0.91517544
1614,6977,6977,0.00545231,0.03654446,0.93103695
1615,13,13,0.03820969,0.34629330,0.61866188
1616,248046,248046,0.00002983,0.00244489,0.78826666
1617,174183,174183,0.01054799,0.04669790,0.61952209
1618,3047,3047,0.00049778,0.06862196,0.33274341
1619,7225,7225,0.00465421,0.01848864,0.68498898
1620,7225,7225,0.00565526,0.11332361,0.56366801
1621,25,25,0.00175815,0.03297578,0.71482658
1622,264,8712,0.00773305,0.00178657,0.62511492
1623,69892,69892,0.01660432,0.03214656,0.73169780
1624,421,421,0.00891812,0.00692519,1.19459105
1625,1132,1132,0.00352257,0.00474010,1.22491264
1626,777,8397,0.03560315,0.18241992,0.80575943
1627,310,310,0.00275011,0.37878741,0.68511009
1628,6734,6734,0.00816412,0.08295697,1.26110744
1629,948,948,0.01563042,0.29484725,0.57914352
1630,279,279,0.00678595,0.02103751,0.76678991
1631,1788,1788,0.01956909,0.00093019,1.20330429
1632,7620,7620,0.02278863,0.00232843,0.96681559
1633,11,11,0.01573901,0.03904844,0.78068733
1634,11,11,0.00771990,0.34951545,0.93126822
1635,44424,44424,0.01091967,0.05840459,0.82036495
1636,1954,1954,0.00454483,0.03349133,0.71957207
1637,11,11,0.01174184,0.35268912,0.68163872
1638,6937,6937,0.00816718,0.01390612,0.91688538
1639,7789,7789,0.00444884,0.03994594,0.47389746
1640,11,11,0.04089007,0.37809720,0.95730591
1641,321,321,0.00666248,0.00608444,1.01801586
1642,4424,4424,0.00444260,0.04625483,0.74446106
1643,7789,7789,0.00384402,0.01306547,0.70856762
1644,5728,5728,0.00449984,0.02807443,0.66816044
1645,513,513,0.00190658,0.13205458,0.98963064
1646,12076,46120,0.00292338,0.02822531,0.43661261
1647,248046,248046,0.00596943,0.04235023,0.54360330
1648,248046,248046,0.00000153,0.01714991,0.68010914
1649,248046,248046,0.00007037,0.04770606,1.45447755
1650,248046,248046,0.00495002,0.12975370,0.86897898
1651,16,16,0.04346263,0.37526501,5.24704266
1652,248046,248046,0.00004147,0.01546112,1.17303550
1653,248046,248046,0.00028089,0.03821624,1.19338417
1654,248046,248046,0.00329133,0.00365000,0.92050552
1655,248046,248046,0.00236533,0.07960563,0.73351765
1656,248046,248046,0.01266938,0.11426535,0.71488380
1657,248046,248046,0.00378731,0.12905698,1.39599514
1658,51948,248046,0.01619057,0.22852165,0.84941530
1659,248046,248046,0.00533739,0.12781526,0.83591270
1660,248046,248046,0.17696869,0.54666626,1.97729921
1661,248046,248046,0.29997684,0.66002263,4.46626520
1662,33633,33633,0.02013773,0.44026030,0.96158218
1663,61610,61610,0.01268328,0.45037502,0.67788696
1664,248046,248046,0.00218586,0.08484461,0.78566551
1665,248046,248046,0.00010787,0.01438060,1.02177811
1666,51088,51088,0.03535964,0.41588543,0.67856431
1667,248046,248046,0.00219197,0.08984839,0.63695109
1668,8059,8059,0.00757694,0.37227751,0.82771111
1669,32288,32288,0.00642446,0.39222055,3.01504135
1670,11,11,0.00650253,0.29553083,0.58468556
1671,248046,248046,0.00046117,0.04077402,1.09915924
1672,37972,37972,0.02374685,0.29867023,0.76432228
1673,11,11,0.00764102,0.26614461,0.78004336
1674,15473,15473,0.06543897,0.51331144,1.30222321
1675,32,32,0.00792854,0.31814837,0.64730573
1676,20791,20791,0.00934945,0.23549524,0.66786385
1677,11,11,0.00934378,0.32427064,0.66517258
1678,248046,248046,0.10642626,0.45681694,0.77661514
1679,279,279,0.00053306,0.14333601,0.55166340
1680,5893,5576,0.27136165,0.42165965,1.96708870
1681,314,314,0.00379601,0.31212775,0.66069460
1682,279,279,0.00361727,0.16739385,2.31267405
1683,248046,248046,0.07572970,0.35817249,2.51206017
1684,51797,248046,0.16308523,0.58522974,1.24785972
1685,628,248046,0.04679660,0.36922388,0.78503191
1686,1754,1754,0.01440279,0.45321917,0.74028206
1687,3512,3512,0.13866196,0.64254366,1.18319893
1688,279,248046,0.26853244,0.64625960,1.31377029
1689,248046,248046,0.39752638,0.13249940,4.37273598
1690,4939,4939,0.02196165,0.34333368,1.09141827
1691,248046,248046,0.00493023,0.11674237,1.87987709
1692,357,357,0.00009585,0.01209451,0.96199799
1693,5222,5222,0.00971156,0.34141794,0.83337581
1694,9064,9064,0.00697513,0.28959338,0.75746918
1695,4203,4203,0.01173224,0.32489282,0.64181519
1696,799,799,0.00055710,0.04764983,0.52715206
1697,41052,41052,0.02769253,0.44545807,0.93470573
1698,23571,23571,0.00363958,0.37501194,0.75523758
1699,506,506,0.06610185,0.49278731,0.89956093
1700,264,248046,0.41831937,0.74705284,3.52197790
1701,248046,248046,0.00142697,0.09775875,3.19966316
1702,321,321,0.02118274,0.39942440,0.72707939
1703,248046,248046,0.00349931,0.08284647,1.50934410
1704,2107,2107,0.10537335,0.69901005,1.20991898
1705,5289,5289,0.07882303,0.69748310,1.16222382
1706,321,321,0.06884577,0.01203311,1.30346489
1707,321,321,0.07442555,0.50993529,0.76179361
1708,9495,9495,0.00982425,0.72537389,1.94533348
1709,7465,248046,0.87585786,0.88312673,3.10151720
1710,248046,248046,0.03823114,0.39417377,2.89820528
1711,74190,74190,0.07005075,0.46439273,1.04928827
1712,1220,248046,0.12898517,0.51400709,1.23843002
1713,30982,30982,0.03274617,0.45254569,0.96408463
1714,24207,24207,0.06034394,0.43130981,0.96184921
1715,1558,1558,0.02715464,0.47790055,1.08379936
1716,5638,5638,0.00950947,0.41383670,1.34366989
1717,494,248046,0.11380944,0.49337555,1.08815956
1718,12955,12955,0.01435833,0.70797516,1.57987213
1719,26622,26622,0.07620423,0.73750268,1.47547531
1720,11,11,0.03004513,0.35849839,0.69514942
1721,321,321,0.11655184,0.69463500,1.08255386
1722,8751,8751,0.01585634,0.62854986,1.20164490
1723,31997,31997,0.02926027,0.58162257,1.06113052
1724,29612,29612,0.06184090,0.62606120,1.25710869
1725,494,494,0.11184632,0.53655885,1.13434982
1726,248046,248046,0.11055732,0.42500209,2.22618103
1727,3870,3870,0.04840388,0.44178858,1.06394196
1728,944,248046,0.37658370,0.74160273,1.44071770
1729,13,13,0.02490174,0.40818267,0.96243298
1730,248046,248046,0.09580666,0.43709536,1.11959076
1731,174183,174183,0.03786233,0.41207857,0.86887360
1732,3047,3047,0.06572533,0.62106075,1.14665031
1733,248046,248046,0.01307352,0.18118507,1.38783264
1734,12482,12482,0.01536486,0.35601195,1.05724454
1735,25,25,0.01996175,0.40634283,0.62962866
1736,264,264,0.03694063,0.38555967,0.81143188
1737,248046,248046,0.12216758,0.45452699,1.36893463
1738,369,369,0.01292881,0.27936871,0.92585611
1739,1691,1691,0.45764443,0.88805544,2.01154470
1740,248046,248046,0.18119217,0.55512230,1.56026840
1741,310,310,0.02972494,0.55537768,0.92062378
1742,248046,248046,0.22074650,0.61368829,1.64448118
1743,948,248046,0.11992005,0.50233116,1.10114861
1744,279,279,0.07598213,0.55292947,0.92567253
1745,248046,248046,0.01425199,0.39817899,2.58580780
1746,1558,1558,0.10687853,0.59093160,1.16253662
1747,5639,5639,0.03811013,0.68327028,1.12487984
1748,11,11,0.03825741,0.40227354,0.74755859
1749,3817,3817,0.01203520,0.50627103,1.01616669
1750,8240,8240,0.13090808,0.59580590,0.99319458
1751,11,11,0.12287633,0.61196700,1.06197548
1752,248046,248046,0.00634209,0.18746745,2.13406563
1753,22841,22841,0.07515665,0.56562355,1.01523209
1754,11,248046,0.10034328,0.49000359,1.11594582
1755,321,321,0.20952021,0.79346718,1.56680298
1756,33625,33625,0.03732825,0.53879799,1.15148926
1757,11960,11960,0.17752565,0.71552316,1.31377220
1758,10018,10018,0.00572769,0.16886369,3.26077247
1759,513,248046,0.03035956,0.30636506,1.03363800
1760,248046,248046,0.00004570,0.15182550,1.90288782
1761,248046,248046,0.00007706,0.03693126,1.05651903
1762,248046,248046,0.00000624,0.07583779,1.55710316
1763,248046,248046,0.00000920,0.10091556,1.60794258
1764,248046,248046,0.01253870,0.31940130,4.43713570
1765,248046,248046,0.06045542,0.48436186,2.27094936
1766,248046,248046,0.00071496,0.16573708,2.08591294
1767,248046,248046,0.00001194,0.02229479,1.38442254
1768,248046,248046,0.01443454,0.19499408,0.77609152
1769,248046,248046,0.01261130,0.28923735,1.25902700
1770,248046,248046,0.00864341,0.29017062,3.94379616
1771,248046,248046,0.00002264,0.06695888,0.88136482
1772,248046,248046,0.00000178,0.01764878,1.87822402
1773,248046,248046,0.00183578,0.07386482,1.04457736
1774,248046,248046,0.00043443,0.15026298,2.19538832
1775,248046,248046,0.00124520,0.12648920,1.96429062
1776,248046,248046,0.00060510,0.02403417,2.34848881
1777,248046,248046,0.00264073,0.41862929,5.88006401
1778,248046,248046,0.00059208,0.04942038,0.81440133
1779,248046,248046,0.00002924,0.06438747,0.95619917
1780,248046,248046,0.00454113,0.16042209,1.47028923
1781,11,248046,0.09715355,0.46860522,0.94071007
1782,248046,248046,0.00016200,0.10154412,1.69447327
1783,248046,248046,0.02331213,0.22990140,2.51506805
1784,248046,248046,0.11959509,0.47971005,1.29492569
1785,248046,248046,0.01235559,0.21080797,2.84651756
1786,248046,248046,0.41088195,0.27159669,3.04547691
1787,248046,248046,0.05326610,0.36841899,1.06925011
1788,248046,248046,0.00015415,0.16270009,2.00282335
1789,248046,248046,0.00414041,0.10901180,2.95830727
1790,248046,248046,0.32446191,0.69082175,4.14808130
1791,11,11,0.01234149,0.44792188,0.95654488
1792,248046,248046,0.00933042,0.14206225,1.74528885
1793,248046,248046,0.10549861,0.50080541,7.70704031
1794,248046,248046,0.04784078,0.10945106,1.76969969
1795,314,314,0.03335087,0.65271278,1.37039948
1796,279,248046,0.80130319,0.84547008,2.36391640
1797,248046,248046,0.15576089,0.07803286,3.54042912
1798,51797,248046,0.80100843,0.79401962,2.53099298
1799,248046,248046,0.00388620,0.11403587,0.71739697
1800,248046,248046,0.03189096,0.48790319,4.17818260
1801,248046,248046,0.10321700,0.51890224,11.54948044
1802,248046,248046,0.00363228,0.03177942,2.54741240
1803,1727,248046,0.19593733,0.12878660,1.94923496
1804,248046,248046,0.07967796,0.34555275,1.82881355
1805,248046,248046,0.20081271,0.58376618,1.64747810
1806,248046,248046,0.00009202,0.08991864,2.54731679
1807,248046,248046,1.16546242,4.97916560,12.40524292
1808,9064,9064,0.11013991,0.53361408,1.45458889
1809,248046,248046,0.00280732,0.24333107,3.70796824
1810,248046,248046,0.00329801,0.26218038,1.91917419
1811,248046,248046,0.01503106,0.06060010,1.82290220
1812,248046,23571,0.20172010,1.23962904,2.07779360
1813,506,248046,0.12728574,0.49527450,1.05610752
1814,248046,248046,0.02652809,0.26200175,1.68374872
1815,248046,248046,0.03080814,0.18651410,2.06964588
1816,248046,248046,0.00014928,0.08411558,1.99769258
1817,248046,248046,0.02077735,0.16146527,5.87849808
1818,248046,248046,0.02525415,0.41903240,1.63346195
1819,9495,248046,0.15355267,0.10209031,2.62401199
1820,7465,248046,2.38073000,0.83672697,5.95825481
1821,248046,248046,0.08859454,0.44405319,2.11716843
1822,9495,9495,0.01150342,0.20345822,1.78411293
1823,7465,248046,2.69256625,0.98232200,4.59708738
1824,248046,248046,0.01059151,0.18626533,0.71923923
1825,248046,248046,0.00019548,0.15282956,1.38221073
1826,248046,248046,0.09030669,0.42878209,1.90060997
1827,248046,248046,0.68054578,2.57727709,9.70812702
1828,24207,24207,0.16201492,0.68153110,3.29507518
1829,248046,248046,0.09768964,0.37559556,1.43567550
1830,248046,248046,0.06255721,0.41381293,1.29411316
1831,248046,248046,0.00267312,0.11176153,1.16964722
1832,248046,248046,0.01240582,0.35443243,2.82235718
1833,248046,248046,0.01041753,0.19433716,1.10958672
1834,11,11,0.02379394,0.36248545,0.98728180
1835,321,248046,0.89263500,0.86882868,8.01198483
1836,248046,248046,0.00005607,0.00520806,1.88006783
1837,31997,248046,0.32796144,0.68079917,1.73145461
1838,29612,248046,0.58506082,0.68526122,1.64519167
1839,494,248046,0.43323600,0.78157656,4.47853374
1840,248046,248046,0.04519097,0.23200170,1.98353481
1841,3870,3870,0.07699657,0.76922561,1.42890072
1842,248046,248046,0.13264618,0.61371635,4.12100697
1843,13,13,0.00299348,0.13435809,0.92262244
1844,248046,248046,0.00011053,0.08685201,2.30300498
1845,174183,174183,0.12729546,0.69536099,3.01995611
1846,3047,3047,0.06866001,0.65116594,1.96477413
1847,248046,248046,0.00107990,0.14625041,1.81975269
1848,248046,248046,0.00095856,0.15984633,4.00464630
1849,248046,248046,0.01250997,0.21976990,1.41036201
1850,248046,248046,0.00069128,0.06264197,5.02700615
1851,248046,248046,0.00372966,0.19523481,8.66067982
1852,248046,248046,0.04162323,0.59671440,5.38065529
1853,248046,248046,0.00046748,0.01622163,1.91867578
1854,248046,248046,0.00027306,0.28534902,2.81676865
1855,310,248046,2.44581897,0.97857519,8.23541641
1856,248046,248046,0.00492402,0.63585046,8.39585114
1857,248046,248046,0.00006981,0.15529656,3.44459581
1858,248046,248046,0.00212281,0.06009130,3.44938469
1859,248046,248046,0.00262945,0.07542220,1.39935112
1860,248046,248046,0.01751078,0.18082989,1.74437237
1861,248046,248046,0.00055315,0.03955615,4.28142357
1862,248046,248046,0.00313666,0.17523157,1.06630898
1863,248046,248046,0.19893041,0.16061954,5.70161819
1864,248046,248046,0.00100858,0.00664945,3.04486370
1865,11,248046,0.12036978,0.54836680,0.83428192
1866,248046,248046,0.04760395,0.30705179,2.60969329
1867,248046,248046,0.03072489,0.15421837,1.59851456
1868,11,248046,0.01240100,0.19781636,1.03735828
1869,248046,248046,0.00583936,0.30084562,3.28145218
1870,248046,248046,0.04723752,0.09280467,1.44529915
1871,248046,248046,0.00013293,0.29482057,3.69706726
1872,248046,248046,0.00016627,0.14107200,2.63699675
1873,248046,248046,0.00110759,0.30213288,4.58267975
1874,248046,248046,0.00000217,0.03053975,3.91476488
1875,248046,248046,0.00028228,0.11501116,1.31836474
1876,248046,248046,0.00000003,0.00358663,1.54637909
1877,248046,248046,0.00000012,0.02644311,1.36949325
1878,248046,248046,0.00081845,0.06118729,0.91272914
1879,248046,248046,0.15512998,0.52888620,3.39701653
1880,248046,248046,0.00236470,0.21050223,1.52565384
1881,248046,248046,0.00000006,0.00175822,2.47549391
1882,248046,248046,0.00288249,0.09792408,1.20199108
1883,248046,248046,0.00023417,0.06354203,2.36365795
1884,248046,248046,0.00007327,0.07633626,0.96734953
1885,248046,248046,0.28118785,0.91951572,16.10970688
1886,248046,248046,0.00825875,0.07675129,3.37213373
1887,248046,248046,0.01155217,0.18693439,1.34282351
1888,248046,248046,0.00051167,0.11897353,1.65349770
1889,248046,248046,0.00010088,0.10197782,1.90167475
1890,248046,248046,0.00038478,0.11085152,3.82491946
1891,61610,248046,6.87551294,0.99994503,23.80025864
1892,248046,248046,0.00001945,0.02115605,1.78626084
1893,248046,248046,0.00000528,0.03831430,1.36384654
1894,248046,248046,0.00022936,0.04471217,1.35214746
1895,248046,248046,0.00039316,0.06242538,1.15881467
1896,248046,248046,0.00067479,0.07658941,1.25911510
1897,248046,248046,0.00767605,0.25582161,2.82795286
1898,11,248046,0.03576738,0.32658081,0.87844944
1899,248046,248046,0.16381008,0.45597314,2.29292440
1900,248046,248046,0.27582817,0.42555516,3.06838226
1901,248046,248046,0.05943880,0.36079998,0.93638587
1902,248046,248046,0.01129333,0.35008789,2.01734352
1903,248046,248046,0.00057064,0.21724259,3.08591127
1904,248046,248046,0.04878310,0.16976319,2.07407570
1905,11,248046,0.08097095,0.46628797,1.03301430
1906,248046,248046,0.00922543,0.29513609,1.06930590
1907,248046,248046,0.00616076,0.32662433,2.46850872
1908,248046,248046,0.00514881,0.15656048,1.87512207
1909,248046,248046,0.00385646,0.22640823,1.24142838
1910,248046,248046,0.00049960,0.12003444,1.22910500
1911,248046,248046,0.00107640,0.02573950,2.83039665
1912,248046,248046,0.00735990,0.04644772,1.68322754
1913,248046,248046,0.00002597,0.06352344,2.75414658
1914,248046,248046,0.00011503,0.13999467,5.23925495
1915,248046,248046,0.00039352,0.09902203,3.04664326
1916,248046,248046,0.00233592,0.20028293,2.05071259
1917,248046,248046,0.02689644,0.20786860,2.40725136
1918,248046,248046,0.00038050,0.05902768,2.51478982
1919,248046,248046,0.01177763,0.21867496,1.01075077
1920,248046,248046,0.00002674,0.15999365,2.40833402
1921,248046,248046,0.00027750,0.01597052,4.79491234
1922,248046,248046,0.01525875,0.12374453,5.81274605
1923,248046,248046,0.01064470,0.52406574,5.16500044
1924,248046,248046,0.00047096,0.00481335,2.52870512
1925,248046,248046,0.06119222,0.24614356,3.05846477
1926,248046,248046,0.02031618,0.24059475,12.20860481
1927,248046,248046,0.00103322,0.07906556,5.22595406
1928,248046,248046,0.06628772,0.11809721,3.65864325
1929,248046,248046,0.00238917,0.17827216,1.57106400
1930,248046,248046,0.00040864,0.16062387,3.21438456
1931,248046,248046,0.00020546,0.09391002,3.75590587
1932,248046,248046,0.11116261,0.74136082,4.68350220
1933,248046,248046,0.00092872,0.01377941,3.37610531
1934,248046,248046,0.00672940,0.16916492,9.81712341
1935,248046,248046,0.00262804,0.30702394,2.28464127
1936,248046,248046,0.02669109,0.06652971,3.84040642
1937,248046,248046,0.00761371,0.16879405,3.21443224
1938,248046,248046,0.00858246,0.23079602,1.25658035
1939,248046,248046,0.00019521,0.12163792,14.79530430
1940,248046,248046,0.43107679,2.73904311,9.04963017
1941,248046,248046,0.00492511,0.24491979,2.43656206
1942,248046,248046,0.00022684,0.06257160,5.52599430
1943,248046,248046,0.00079253,0.09938755,1.91150308
1944,248046,248046,0.00413450,0.40971810,4.46069622
1945,248046,248046,0.00044047,0.31250997,3.19659042
1946,248046,248046,0.00943033,0.15070395,1.10839081
1947,248046,248046,0.04116272,0.41414499,2.15669060
1948,11,248046,0.11656979,0.49750912,1.02890778
1949,248046,248046,0.13946277,0.93478191,7.22017479
1950,248046,248046,0.00696770,0.27561789,8.91351700
1951,248046,248046,0.00116855,0.13071019,5.30073452
1952,248046,248046,0.02792952,0.62104770,3.44057941
1953,248046,248046,0.00885028,0.27743187,1.18879128
1954,248046,248046,1.19620597,0.57042020,5.88161278
1955,248046,248046,0.01291539,0.27673060,1.99925113
1956,248046,248046,0.00029172,0.05632561,2.36506510
1957,248046,248046,0.03372196,0.30836238,1.08574677
1958,248046,248046,0.00029565,0.08191974,2.16015387
1959,174183,248046,1.62877106,0.93022752,5.10019779
1960,248046,248046,0.01930067,0.47444250,3.99399471
1961,248046,248046,0.06214563,0.76342725,10.10065842
1962,248046,248046,0.00010711,0.11620128,3.19293213
1963,248046,248046,0.06862560,0.38280431,1.07449627
1964,248046,248046,0.03001555,0.46942749,3.10742283
1965,248046,248046,0.00630891,0.18195968,6.67103004
1966,248046,248046,0.00034061,0.35360893,2.51183701
1967,248046,248046,0.00046786,0.27809679,5.38438988
1968,248046,248046,0.00054244,0.28770058,3.21185875
1969,248046,248046,0.02951165,0.40631582,3.78845549
1970,248046,248046,0.00233865,0.15619089,1.76748466
1971,248046,248046,0.00007928,0.27447698,7.26693010
1972,248046,248046,0.00269522,0.08899687,1.32337856
1973,248046,248046,0.00049776,0.08169469,1.63299465
1974,248046,248046,0.01130064,0.18487489,1.32050323
1975,5639,248046,0.45737439,0.73929258,3.55685663
1976,248046,11,0.01898314,0.30532734,10.23491287
1977,248046,248046,0.00758510,0.45750321,4.73587227
1978,248046,248046,0.00164067,0.19934964,1.19027019
1979,11,248046,0.13940245,0.51538643,1.37995911
1980,248046,248046,0.14804714,0.32085931,2.70825195
1981,248046,248046,0.06611485,0.58333225,2.34707832
1982,11,248046,0.23538109,0.60724432,1.77321815
1983,248046,248046,0.05522862,0.45384923,2.41473341
1984,248046,248046,0.00518804,0.33056409,2.27202749
1985,248046,248046,0.00154925,0.18131775,2.64519501
1986,248046,248046,0.00029259,0.12824676,1.56868935
1987,248046,248046,0.00002519,0.14882797,3.52380753
1988,248046,248046,0.00000156,0.00038956,3.47614908
1989,248046,248046,0.00018574,0.13691537,1.40396881
1990,248046,248046,0.00000014,0.05160675,1.61047888
1991,248046,248046,0.00000008,0.01803789,1.81525469
1992,248046,248046,0.00170780,0.13312196,1.41437674
1993,248046,248046,0.02014082,0.27889924,2.77024031
1994,248046,248046,0.00003632,0.03872115,1.50416636
1995,248046,248046,0.00061324,0.14542658,1.17751050
1996,248046,248046,0.01640605,0.29299992,1.31818104
1997,248046,248046,0.00004222,0.07226521,2.63326526
1998,248046,248046,0.00021462,0.10215552,2.13371897
1999,248046,248046,0.09386600,0.52253247,2.17615318
2000,248046,248046,0.01219244,0.18692845,4.08687449
2001,248046,248046,0.01404329,0.23970951,1.53109550
2002,248046,248046,0.00757339,0.41749680,2.03206062
2003,248046,248046,0.00003976,0.09715458,3.84035683
2004,248046,248046,0.00129239,0.24777068,6.21677637
2005,248046,248046,0.00615219,0.40737049,3.13103223
2006,248046,248046,0.00242817,0.16270765,1.31263447
2007,248046,248046,0.00003696,0.06910346,2.08139133
2008,248046,248046,0.00007898,0.00198774,5.24399567
2009,11,248046,0.75248092,0.91467646,14.82454109
2010,248046,248046,0.00107130,0.15217349,4.81080341
2011,248046,248046,0.00018390,0.17385557,3.91652393
2012,248046,248046,0.06053321,0.46085539,2.29156876
2013,248046,248046,0.00014368,0.14298477,2.02028942
2014,248046,248046,0.03891522,0.40418249,3.32110596
2015,248046,248046,0.05707455,0.44490787,1.91863251
2016,248046,248046,0.00232804,0.03564597,3.57725978
2017,248046,248046,0.00035550,0.06397960,3.86332202
2018,248046,248046,0.00308734,0.13929544,1.56476474
2019,11,248046,0.23137793,0.64299479,1.43157196
2020,248046,248046,0.09556558,0.55248896,4.28178978
2021,248046,248046,0.00128608,0.07462769,5.21807909
2022,248046,248046,0.01272180,0.13651711,2.50776482
2023,248046,248046,0.00022268,0.05290626,4.98039341
2024,248046,248046,0.00179331,0.14751897,1.97710800
2025,248046,248046,0.02083544,0.19294414,2.40125084
2026,248046,248046,0.00023297,0.00377171,6.32762671
2027,248046,248046,0.16265550,0.53374161,1.23374271
2028,248046,248046,0.00088430,0.20205604,3.45445061
2029,248046,248046,1.77007667,5.64562291,8.77892113
2030,248046,248046,0.00013571,0.12837397,2.49377131
2031,248046,248046,0.00869812,0.23532541,2.24188232
2032,248046,248046,0.00300175,0.22299571,9.56997585
2033,248046,248046,0.08562418,0.49552718,1.96218300
2034,248046,248046,0.00092917,0.20408816,1.43139744
2035,248046,248046,0.00113768,0.00877610,5.20046568
2036,248046,248046,0.00896919,0.49276494,8.64489937
2037,4203,248046,1.05374131,0.97848158,21.09941101
2038,248046,248046,0.10441351,0.55829645,1.84073448
2039,248046,248046,0.00213654,0.36912826,3.62341690
2040,248046,248046,0.01378148,0.46709192,3.30398488
2041,248046,248046,0.00239796,0.25631064,6.14476299
2042,264,264,0.00215856,0.83098445,2.57317734
2043,248046,248046,0.00795324,0.32023546,2.81447411
2044,248046,248046,0.35931054,0.69685395,2.06765556
2045,7189,248046,0.51408558,0.76576100,2.75653839
2046,248046,248046,0.00217496,0.16635886,2.09216380
2047,248046,248046,0.01064064,0.16903967,1.84943008
2048,248046,248046,2.16252252,0.68076115,9.86127663
2049,248046,248046,0.00603208,0.38107996,2.77875113
2050,9495,248046,2.26825976,0.96354661,5.80281925
2051,248046,248046,0.01580670,0.39274424,2.20355487
2052,248046,248046,0.00346394,0.27613021,1.88918495
2053,248046,248046,0.00001624,0.14257077,1.72847414
2054,248046,248046,0.17325705,0.56334252,5.87723398
2055,248046,248046,0.00471706,0.20248491,5.53696966
2056,248046,248046,0.00170076,0.11892943,2.99154091
2057,248046,248046,0.00482270,0.24787489,2.48470497
2058,248046,248046,0.00053342,0.28446428,2.65831757
2059,248046,248046,0.00147669,0.06859011,9.45076275
2060,248046,248046,0.09491213,0.60357299,2.62981892
2061,248046,248046,0.02209788,0.44537537,1.91538715
2062,11,248046,0.09884841,0.47879871,1.03113508
2063,248046,248046,0.15676218,0.73154001,5.61816216
2064,248046,248046,0.00325799,0.15662580,1.64718413
2065,248046,248046,0.00008510,0.15736459,2.85709667
2066,248046,248046,0.03823443,0.55099120,6.57752800
2067,248046,248046,0.05890097,0.43452946,1.68311310
2068,248046,248046,0.61909022,0.83618454,3.55945206
2069,248046,248046,0.00097271,0.17490403,3.44517994
2070,248046,248046,0.00629741,0.10166253,3.82231903
2071,248046,248046,0.11949262,0.47721903,1.29783058
2072,248046,248046,0.00014201,0.12761244,2.63993645
2073,248046,248046,0.00119399,0.16035007,2.19843650
2074,248046,248046,0.00166681,0.14129191,3.10296464
2075,248046,248046,0.00007171,0.08607568,5.77713346
2076,248046,248046,0.00010082,0.08514707,9.07316017
2077,248046,248046,0.05157868,0.34673179,1.41851807
2078,248046,248046,0.00018124,0.12963835,2.00775838
2079,248046,248046,0.00006484,0.13470887,1.64805412
2080,248046,248046,0.55661656,0.85742940,10.73713970
2081,248046,248046,0.00162577,0.42923465,4.26250696
2082,248046,248046,0.00016136,0.22006962,6.38171244
2083,248046,248046,0.00005937,0.03616166,3.83894253
2084,248046,248046,0.00085539,0.20952686,7.52969408
2085,248046,248046,0.00004407,0.16442251,2.78544998
2086,279,248046,0.25385093,0.68550626,2.58958435
2087,248046,248046,0.00696653,0.45160844,5.65471506
2088,248046,248046,0.00022677,0.20319796,2.50043058
2089,248046,248046,0.00436665,0.41272681,4.65950537
2090,248046,248046,0.26886760,0.65575174,2.43097115
2091,248046,248046,0.00143235,0.23870825,2.46330070
2092,248046,248046,0.00273001,0.24675342,1.99771500
2093,248046,248046,0.26769444,0.63274761,2.11774445
2094,248046,248046,0.00638019,0.23756374,2.02258110
2095,248046,248046,0.01156436,0.40943132,1.60267830
2096,11,248046,0.34749102,0.68637940,2.03518486
2097,248046,248046,0.04179165,0.46228679,4.19121361
2098,248046,248046,0.09228536,0.09583016,2.33223772
2099,248046,248046,0.00256057,0.09695379,4.31618547
2100,248046,248046,0.00019975,0.06326735,2.55137205
2101,248046,248046,0.00006026,0.01523167,2.94078064
2102,248046,248046,0.00451130,0.83840991,5.82471848
2103,248046,248046,0.00001759,0.04837380,1.79389203
2104,248046,248046,0.00000081,0.05910476,1.91883135
2105,248046,248046,0.00000716,0.08582685,2.30099440
2106,248046,248046,0.01930569,0.28395941,1.37316608
2107,248046,248046,0.00094690,0.17591175,1.97857285
2108,248046,248046,0.00049144,0.18864754,1.58392906
2109,248046,248046,0.00077901,0.15899910,1.36145210
2110,248046,248046,0.00337043,0.72957187,8.87685776
2111,248046,248046,0.00367058,0.07690789,1.95491707
2112,248046,248046,0.00031587,0.34059797,5.17052650
2113,248046,248046,0.02231820,0.33547511,1.51511002
2114,248046,248046,0.00060327,0.03875373,4.12364912
2115,248046,248046,0.10777717,0.46781170,1.56610680
2116,248046,248046,0.04395919,0.58144490,2.27146530
2117,248046,248046,0.00055268,0.17632676,2.83285904
2118,248046,248046,0.36648881,0.61194202,3.58998251
2119,248046,248046,0.00082963,0.19364458,4.79713488
2120,248046,248046,0.01413613,0.29501905,1.37767029
2121,248046,248046,0.00056383,0.21151990,3.88672090
2122,248046,248046,0.00014157,0.01382687,8.00399399
2123,248046,248046,0.13036943,0.49223436,1.44691277
2124,248046,248046,0.00300801,0.01453153,7.96648169
2125,248046,248046,0.00186856,0.07628055,7.10077047
2126,248046,248046,0.21642709,0.63670883,2.28250360
2127,248046,248046,0.00053922,0.07057539,3.64877558
2128,248046,248046,0.00008156,0.12376855,6.07862520
2129,248046,248046,0.07972317,0.46038494,1.78754807
2130,248046,248046,0.00805506,0.25976616,3.72027397
2131,248046,248046,0.01060774,0.40877610,4.38248777
2132,248046,248046,0.00235289,0.18289083,3.25303030
2133,11,248046,0.26280829,0.68153145,1.58343124
2134,248046,248046,0.04500768,0.61396107,8.05429173
2135,248046,248046,0.00027668,0.10733796,1.36238849
2136,248046,248046,0.00178302,0.21295271,3.26257992
2137,248046,248046,0.00040750,0.17531871,4.87545395
2138,248046,248046,0.00022274,0.12163598,2.20210028
2139,248046,248046,0.00760062,0.18521229,3.31195068
2140,45543,248046,0.87542432,0.22640512,3.59914136
2141,248046,248046,0.18080899,0.56032451,1.79852867
2142,248046,248046,0.00059771,0.13757761,11.41254044
2143,248046,248046,0.00028599,0.17933444,7.03638077
2144,248046,248046,0.00001202,0.02541353,1.77561188
2145,248046,248046,0.00419360,0.15432551,2.09289217
2146,248046,248046,0.00070554,0.07879548,1.57698822
2147,248046,248046,0.03287912,0.36764151,1.72527313
2148,248046,248046,0.00164133,0.54701934,10.27336788
2149,248046,248046,0.04137727,0.58971552,3.40515232
2150,248046,248046,0.00014123,0.06722034,4.69788074
2151,248046,248046,0.00245828,0.16899281,5.76537609
2152,248046,248046,0.00107968,0.06730523,5.72338867
2153,248046,248046,0.02980894,1.13240828,5.71399307
2154,248046,248046,0.00013760,0.04130259,5.01127243
2155,248046,248046,0.00158304,0.05712773,2.39679003
2156,264,264,0.07750196,0.67430283,1.65037131
2157,248046,248046,0.00475415,0.08353201,1.58801270
2158,248046,248046,0.00016542,0.01547161,4.05666256
2159,7189,248046,1.40213251,0.92871072,2.71275330
2160,248046,248046,0.00071109,0.27894727,2.98994517
2161,248046,248046,0.02638677,0.74060049,9.33113956
2162,248046,248046,0.01352461,0.39302746,2.30696011
2163,248046,248046,0.00129877,0.37807710,6.43774796
2164,248046,248046,0.58596947,0.17080673,3.04707909
2165,248046,248046,0.00059667,0.47078954,6.29836369
2166,248046,248046,0.00852024,0.28174548,1.47118759
2167,248046,248046,0.00004755,0.26226278,5.02666998
2168,248046,248046,0.00014719,0.04991169,3.51498795
2169,248046,248046,0.00346931,0.14398623,5.04430580
2170,248046,248046,0.11665163,0.47183607,1.31087291
2171,248046,248046,0.00065147,0.27855595,5.57374954
2172,248046,248046,0.00069217,0.31128071,4.50954533
2173,248046,248046,0.27639563,0.69852615,1.74883842
2174,248046,248046,0.00591815,0.18926875,1.70201600
2175,26622,248046,0.53626814,0.75106803,3.22127485
2176,11,248046,0.09457959,0.45716303,1.24568367
2177,248046,248046,0.02108690,0.32332356,1.77880192
2178,248046,248046,0.00234094,0.16968528,1.29006195
2179,248046,248046,0.00010431,0.09284950,2.81739187
2180,248046,248046,0.00219418,0.36608220,2.71297359
2181,248046,248046,0.00351427,0.22252230,1.50450718
2182,248046,248046,0.01815207,0.26120005,2.01071930
2183,248046,248046,0.00039197,0.35249283,4.10940456
2184,248046,248046,0.00021021,0.06610364,1.73635674
2185,248046,248046,0.04065443,0.33778359,1.21542740
2186,248046,248046,0.00007084,0.10295917,4.58278656
2187,248046,248046,0.00052801,0.27031058,3.27975368
2188,248046,248046,0.00031359,0.04017050,2.44520378
2189,248046,248046,0.01257419,0.27461780,4.96010685
2190,248046,248046,0.00000565,0.03421678,3.12312603
2191,248046,248046,0.05055288,0.35278143,1.66018677
2192,248046,248046,0.00030142,0.27064755,2.32859898
2193,248046,248046,0.00043193,0.07510252,3.16938591
2194,248046,248046,0.00006648,0.06221218,3.24475527
2195,248046,248046,0.63115806,0.91333165,8.08912945
2196,8397,248046,1.50242529,0.98467283,16.23056412
2197,248046,248046,0.00020524,0.11397698,7.71095467
2198,248046,248046,0.00002234,0.02591305,4.46213961
2199,248046,248046,0.00007574,0.13565551,2.04349089
2200,248046,248046,0.00029783,0.17981853,2.37753463
2201,248046,248046,0.05476839,0.10396875,3.28022003
2202,248046,248046,0.01885258,0.02494268,2.33641267
2203,248046,248046,0.01668624,0.34311850,3.67704773
2204,248046,248046,0.30239022,0.65859754,2.04219627
2205,248046,248046,0.00041824,0.20912963,2.15209818
2206,248046,248046,0.00416073,0.31668862,1.53121948
2207,248046,248046,0.00188435,0.07931811,6.94237328
2208,248046,248046,0.00118560,0.39514972,3.48255539
2209,248046,248046,0.00024230,0.05182077,1.91000330
2210,248046,248046,0.28982168,0.66523416,2.37385941
2211,248046,248046,0.00211031,0.28143389,2.19052505
2212,248046,248046,0.00355816,0.00178398,4.88880730
2213,248046,248046,0.03317330,0.19642341,7.16821957
2214,248046,248046,0.00006341,0.04278891,6.35816050
2215,248046,248046,0.00002022,0.11331697,1.67385221
2216,248046,248046,0.00005418,0.20040516,4.07566261
2217,248046,248046,0.00016489,0.15760124,1.32343721
2218,248046,248046,0.00000010,0.02810593,1.38032341
2219,248046,248046,0.00000045,0.03164011,2.12561798
2220,248046,248046,0.00525264,0.17608307,1.08053493
2221,248046,248046,0.00020699,0.01709779,2.10733509
2222,248046,248046,0.00004404,0.09268762,1.13534355
2223,248046,248046,0.00022795,0.13728325,1.15843391
2224,248046,248046,0.00007448,0.09198301,1.60520577
2225,248046,248046,0.00293832,0.64486612,6.89210796
2226,248046,248046,0.00013481,0.02065368,5.64256001
2227,248046,248046,0.00004701,0.38776638,6.70793915
2228,248046,248046,0.00132938,0.20351345,6.58478546
2229,248046,248046,0.02724937,0.40284758,1.94688988
2230,248046,248046,0.00120679,0.33842578,2.66296291
2231,248046,248046,0.00008674,0.18366319,1.98813653
2232,248046,248046,0.00003253,0.06817287,1.41127872
2233,248046,248046,0.00215963,0.21438466,10.11322594
2234,248046,248046,0.01227463,0.36650010,9.15295506
2235,248046,248046,0.00072612,0.04286717,7.64512014
2236,248046,248046,0.00006070,0.05196909,8.48131180
2237,11,248046,0.17829447,0.55491696,1.36434555
2238,248046,248046,0.00034790,0.27878431,8.47051239
2239,248046,248046,0.00162906,0.35339369,3.03202868
2240,248046,248046,0.18969845,0.56430621,1.86372948
2241,248046,248046,0.00103583,0.40373933,4.05663824
2242,248046,248046,0.00014545,0.22411125,4.35026646
2243,248046,248046,0.09656591,0.47891431,1.84012032
2244,248046,248046,0.00175348,0.37925614,4.53024721
2245,248046,248046,0.10705617,0.00761244,3.61763334
2246,248046,248046,0.00120404,0.01423704,5.48123074
2247,11,248046,0.08648478,0.44345733,0.85951781
2248,248046,248046,0.00107166,0.17037018,2.09465694
2249,248046,248046,0.00156419,0.01801008,3.92941475
2250,248046,248046,0.00057983,0.07026714,4.26032925
2251,248046,248046,0.00026767,0.21918812,4.83642244
2252,248046,248046,0.00099235,0.00303332,2.11409688
2253,248046,248046,0.00073266,0.00179011,6.54069328
2254,248046,248046,0.00026227,0.01580089,8.62381172
2255,248046,248046,0.03100333,0.31940556,0.96598530
2256,248046,248046,0.00005425,0.07317542,4.70781040
2257,248046,248046,0.00214139,0.18741979,10.04041100
2258,248046,248046,0.00001851,0.01088149,3.26617813
2259,248046,248046,0.00158332,0.06239669,6.36950111
2260,248046,248046,0.00037113,0.06344208,4.66271687
2261,248046,248046,0.01191421,0.27968818,1.33089638
2262,248046,248046,0.00001435,0.00017165,3.70020390
2263,248046,248046,0.18606543,0.57931447,4.14013815
2264,248046,248046,0.00041825,0.28748978,7.38177681
2265,248046,248046,0.00025460,0.02748641,1.74809074
2266,248046,248046,0.10552578,0.48775790,1.44581985
2267,248046,248046,0.00048268,0.05419482,1.62465000
2268,248046,248046,0.00004015,0.12942602,2.69695354
2269,248046,248046,0.00062203,0.15955858,1.43465424
2270,248046,248046,0.00188897,0.16459309,4.16614628
2271,248046,248046,0.00168241,0.07724923,1.66352773
2272,248046,248046,0.00029321,0.15375611,1.26326358
2273,248046,248046,3.71429310,11.45922338,21.79941750
2274,248046,248046,4.15619006,12.16572415,13.17658615
2275,5289,248046,0.83665674,0.88496699,7.12467575
2276,248046,248046,0.01169042,0.55284871,3.10978222
2277,248046,248046,0.00088181,0.13316380,6.42902279
2278,248046,248046,0.14214730,0.69318955,8.26245213
2279,248046,248046,0.00025212,0.21341488,3.60863996
2280,248046,248046,0.00275766,0.25116131,1.39151382
2281,248046,248046,0.00023680,0.10205807,1.35590363
2282,248046,248046,0.22220514,2.38190211,11.71916008
2283,248046,248046,0.00555473,0.08836065,5.21881771
2284,248046,248046,0.00086607,0.10616986,6.04053354
2285,248046,248046,0.00075228,0.03891923,3.28841019
2286,248046,248046,0.02010429,0.27920272,4.42879963
2287,494,248046,0.62833619,0.80366113,4.27915812
2288,248046,248046,0.00120173,0.01119457,4.55731678
2289,248046,248046,0.00256679,0.15964662,7.55984068
2290,11,248046,0.20757567,0.61664301,1.48315048
2291,248046,248046,0.00397064,0.03544255,2.98743820
2292,248046,248046,0.00167163,0.07435873,6.64386845
2293,248046,248046,0.00208526,0.11007878,1.81809592
2294,248046,248046,0.00118171,0.22945768,3.65091419
2295,248046,248046,0.00539099,0.61079629,9.97905350
2296,248046,248046,0.02035941,0.28215076,2.39877510
2297,248046,248046,0.00011160,0.13853986,1.60118032
2298,248046,248046,0.00013049,0.05427988,2.90331936
2299,248046,248046,0.01657700,0.22748009,1.44069195
2300,248046,248046,0.00003651,0.04328598,3.68281603
2301,248046,248046,0.00716155,0.12911368,2.91790867
2302,248046,248046,0.00027105,0.24450694,3.56629729
2303,248046,248046,0.00004609,0.07316537,2.08168125
2304,248046,248046,0.00592591,0.01125851,1.28159690
2305,248046,248046,0.00193044,0.01948571,1.32628417
2306,248046,248046,0.00803548,0.11599732,0.84311295
2307,248046,248046,0.00026313,0.01137860,0.95794141
2308,248046,248046,0.00389153,0.00662311,1.02748775
2309,248046,248046,0.02089906,0.00698353,0.87366104
2310,16,248046,0.01063508,0.05898827,0.83241129
2311,248046,248046,0.01637831,0.07223334,0.75848436
2312,248046,248046,0.02333989,0.21031457,0.79204464
2313,248046,248046,0.04232305,0.31049919,0.70715237
2314,28,28,0.06799330,0.44622963,0.97095752
2315,17,17,0.06321825,0.06411724,1.05358505
2316,248046,248046,0.09535728,0.25255435,0.91269684
2317,248046,248046,0.01112738,0.20842570,1.10735178
2318,248046,248046,0.09821946,0.18603172,0.95948792
2319,248046,248046,0.07837938,0.23492804,0.78606415
2320,28,28,0.13133694,0.56250359,1.08761978
2321,248046,248046,0.09556844,0.12612629,1.69323969
2322,248046,248046,0.00099068,0.07251668,0.71423197
2323,248046,248046,0.00329255,0.10516443,0.81162930
2324,318,248046,0.05414912,0.06374665,1.40148830
2325,25472,248046,0.03422504,0.01883411,0.95373726
2326,1857,1857,0.06095458,0.04241867,1.74032116
2327,830,248046,0.02183052,0.03145585,0.65582788
2328,14717,14717,0.00639441,0.01986296,0.72839165
2329,74,77,0.04160676,0.13683561,1.12402534
2330,10,10,0.03598028,0.47909982,1.07994652
2331,16,248046,0.21977404,0.60347325,1.29850388
2332,8,8,0.00775560,0.09455826,1.02915287
2333,283,283,0.04106880,0.44603584,0.70411253
2334,318,318,0.03486026,0.04171503,0.94744015
2335,64,64,0.01855705,0.33365212,0.86348724
2336,17930,17930,0.00515260,0.01358377,0.65575790
2337,1054,1054,0.02010599,0.54714610,1.18610764
2338,478,478,0.05711656,0.61574751,1.38750458
2339,292,248046,0.15213842,0.51041773,1.13948441
2340,8,8,0.02164710,0.51747900,1.52723885
2341,1410,1410,0.07579788,0.04309872,0.83577347
2342,272,248046,0.08127349,0.38964856,1.06035233
2343,248046,248046,0.02421042,0.08428882,1.10480833
2344,248046,248046,0.06439325,0.35023741,0.90063477
2345,830,248046,0.10480581,0.47940649,0.98468685
2346,62,62,0.00232685,0.03647412,0.77277851
2347,15,15,0.22300648,0.78531667,1.47332573
2348,283,283,0.03791976,0.06570046,0.72120714
2349,248046,248046,0.05675505,0.35144743,0.89592171
2350,15,15,0.00232512,0.04231355,2.71821809
2351,248046,248046,0.01609465,0.06331610,1.00812674
2352,248046,248046,0.01825961,0.02419718,0.91507626
2353,248046,248046,0.05698474,0.08297206,0.68926620
2354,248046,248046,0.00803372,0.10110238,0.85615444
2355,248046,248046,0.05116889,0.01651171,1.11314046
2356,248046,248046,0.01511433,0.05081175,0.72791529
2357,248046,248046,0.01932421,0.15094176,0.80915260
2358,248046,248046,0.01487878,0.08413760,0.85917115
2359,248046,248046,0.00457801,0.09448594,0.60824394
2360,248046,248046,0.33383304,0.18356606,1.56960297
2361,248046,248046,0.02591660,0.09694294,0.97738981
2362,369,248046,0.01703492,0.13612790,0.85306883
2363,248046,248046,0.02414453,0.07069087,0.94714808
2364,248046,248046,0.02553179,0.24969840,0.98214531
2365,248046,248046,0.06119993,0.08367899,0.87986708
2366,248046,248046,0.04305828,0.29584305,0.94671631
2367,248046,248046,0.00324518,0.13338362,1.13087177
2368,248046,248046,0.00001409,0.06968649,0.99944139
2369,248046,248046,0.07250521,0.18065025,0.83546829
2370,248046,248046,0.09346340,0.03595889,0.75132847
2371,2759,248046,0.16094839,0.10880314,1.17671585
2372,248046,248046,0.03271369,0.27834217,0.83217573
2373,248046,248046,0.08377868,0.14919577,0.85133243
2374,264,248046,0.05513813,0.06006526,0.82694149
2375,248046,248046,0.06140418,0.25672573,1.00941086
2376,248046,248046,0.11126701,0.12287385,0.94534731
2377,20112,248046,0.21545308,0.09206226,1.41506577
2378,248046,248046,0.02731374,0.15515539,0.99367738
2379,1325,248046,0.03814016,0.01794142,0.79785275
2380,220,248046,0.22774341,0.63795156,1.33248138
2381,18,18,0.13155457,0.51076297,1.47934914
2382,16,16,0.04072051,0.71033715,1.37846375
2383,5255,5255,0.02742084,0.00650511,0.78655672
2384,248046,248046,0.18603281,0.19955887,1.29404736
2385,19,248046,0.12185621,0.48615013,0.91357803
2386,248046,248046,0.06847417,0.36197510,0.72945595
2387,248046,248046,0.00582793,0.10230424,0.80696583
2388,248046,248046,0.06076542,0.10140645,0.82691574
2389,248046,248046,0.17138971,0.09144889,1.06524849
2390,248046,248046,0.04366214,0.07344111,0.81669807
2391,248046,248046,0.04070347,0.23682936,0.79734802
2392,9714,248046,0.07115620,0.12522342,1.48602533
2393,248046,248046,0.01905184,0.16331518,0.92689335
2394,248046,248046,0.11936808,0.02594484,0.81302071
2395,248046,248046,0.00344763,0.10213025,0.85041046
2396,248046,248046,0.01060027,0.07511787,1.72105038
2397,248046,248046,0.24988135,0.20783817,1.62980652
2398,27723,27723,0.03583940,0.05832724,1.00220633
2399,248046,248046,0.07303453,0.36241535,0.87575340
2400,248046,248046,0.08904701,0.40889600,0.96245384
2401,248046,248046,0.03825282,0.04834463,0.66969013
2402,1918,248046,0.22856057,0.35855911,1.41330719
2403,248046,248046,0.03072198,0.11132213,0.62239933
2404,2424,2424,0.02818578,0.06010365,0.65077686
2405,1698,1698,0.04451514,0.27825064,0.83086300
2406,11,11,0.08828502,0.53067403,0.92819405
2407,2424,2424,0.07959798,0.13067632,0.94554329
2408,791,791,0.10089321,0.48423968,1.06775856
2409,2424,248046,0.18662730,0.63763748,1.32412910
2410,11,248046,0.09595679,0.46628084,0.97748041
2411,321,248046,0.16252835,0.55808153,1.20256996
2412,14849,14849,0.04065145,0.00825822,0.87280273
2413,248046,248046,0.01904546,0.18024482,1.04923773
2414,248046,248046,0.00001985,0.02689900,0.96627939
2415,7896,248046,0.07154925,0.19664732,0.93208981
2416,248046,248046,0.08773117,0.34192826,0.78001785
2417,248046,248046,0.01263251,0.08467079,0.96836424
2418,248046,248046,0.19818479,0.07966853,1.13877106
2419,310,310,0.02927907,0.02098658,0.61564922
2420,248046,248046,0.07223189,0.17167312,0.69091606
2421,310,248046,0.05981040,0.38492153,0.68008423
2422,20112,20112,0.08372676,0.11683769,1.11412430
2423,33,33,0.10561373,0.68556091,1.16305923
2424,2600,2600,0.04174539,0.60627494,0.99951172
2425,1608,248046,0.05546859,0.25074035,0.73093891
2426,220,220,0.04286183,0.32094838,0.77563477
2427,16,16,0.01074147,0.04738633,0.61023903
2428,61,61,0.15915163,0.52248926,1.94886208
2429,18,248046,0.17312635,0.55711964,1.05221176
2430,15,15,0.00654196,0.58285059,0.95285225
2431,5639,248046,0.03535118,0.10988520,0.62889576
2432,248046,248046,0.00647897,0.15460090,0.72313166
2433,248046,248046,0.05419226,0.15278539,0.70821762
2434,248046,248046,0.02375800,0.08789848,0.97654819
2435,1067,248046,0.08480394,0.34608259,0.92074370
2436,248046,248046,0.03814501,0.13219317,0.80488205
2437,248046,248046,0.07944935,0.34771437,0.81814957
2438,220,220,0.16236384,0.05672565,1.28001976
2439,248046,248046,0.08007948,0.24730669,0.73210716
2440,248046,248046,0.07503016,0.27976753,0.99403954
2441,248046,248046,0.09405862,0.11942481,0.71501350
2442,14944,248046,0.05634714,0.04106104,0.79611015
2443,248046,248046,0.07203729,0.11829995,0.77553749
2444,248046,248046,0.01562936,0.14443302,0.57080555
2445,248046,248046,0.11040634,0.46245041,1.44353676
2446,248046,248046,0.04441046,0.32153095,1.05030942
2447,248046,248046,0.00435419,0.10648256,1.06822681
2448,248046,248046,0.00007471,0.00778041,0.88754082
2449,248046,248046,0.02835427,0.05469725,0.75695395
2450,248046,248046,0.04907875,0.30854803,0.94235611
2451,248046,248046,0.02753030,0.25125653,1.16658568
2452,248046,248046,0.00821474,0.21001453,0.92641211
2453,248046,248046,0.00005124,0.06639610,0.91635120
2454,248046,248046,0.00000761,0.03868811,0.85333741
2455,248046,248046,0.01660961,0.20989219,0.75755787
2456,16,16,0.00658509,0.11683024,3.80182266
2457,248046,248046,0.01513645,0.26823488,1.26362610
2458,248046,248046,0.00779914,0.23809749,1.41450691
2459,264,264,0.08497189,0.52720497,1.58037663
2460,28,248046,0.12876852,0.51360815,1.21362686
2461,248046,248046,0.11681071,0.34656170,0.95602608
2462,24,248046,0.03705892,0.01011486,2.81341815
2463,248046,248046,0.00033807,0.06226668,1.15717387
2464,248046,248046,0.00562359,0.34934549,2.53882408
2465,28,28,0.05082191,0.41876040,0.88232708
2466,248046,248046,0.01395221,0.30492503,1.53415489
2467,248046,248046,0.04101946,0.33808332,1.32585144
2468,248046,248046,0.00575767,0.23261790,1.45464706
2469,321,248046,0.54737346,0.79818784,1.86755896
2470,272,248046,0.20427698,0.58069154,1.12460327
2471,248046,248046,0.10272081,0.49330540,1.50852013
2472,248046,248046,0.26818117,0.58240005,2.42890882
2473,248046,248046,0.00768938,0.22660354,0.98958778
2474,248046,248046,0.02639716,0.33752938,1.59917068
2475,248046,248046,0.08465254,0.44705380,1.52925301
2476,66480,248046,1.19318857,0.90779081,3.64160013
2477,72632,248046,0.19613976,0.62479032,1.56894493
2478,248046,248046,0.11196759,0.47014036,1.22985077
2479,8102,8102,0.04482184,0.73804139,1.26449966
2480,77,77,0.24995984,0.71547939,1.41891718
2481,10,248046,0.88675264,0.92197363,2.89437771
2482,16,248046,0.65233808,0.81003563,2.88051414
2483,248046,248046,0.18664834,0.57325013,1.28610229
2484,248046,248046,0.00136034,0.27168284,2.25031090
2485,248046,318,1.63962240,18.81383817,4.59177208
2486,64,64,0.00538082,0.90211569,2.91119838
2487,17930,17930,0.03911298,0.70210335,1.59720516
2488,1054,1054,0.00721344,0.45514330,1.71945310
2489,478,248046,0.22713611,0.66841940,1.57257271
2490,292,292,0.38710741,0.91694529,2.42312050
2491,8,8,0.04608275,0.51479469,1.05402184
2492,248046,248046,0.22313949,0.67031995,3.83441997
2493,272,272,0.09076862,0.50445889,3.36690044
2494,5732,248046,0.28967998,0.65879560,1.55015564
2495,248046,248046,0.06883562,0.38884608,0.86485863
2496,830,248046,0.21443088,0.59598665,1.18491936
2497,62,62,0.13330605,0.79271681,1.06888390
2498,15,15,0.01007259,0.38609315,5.61526299
2499,283,248046,0.23922203,0.61536880,1.93968773
2500,220,248046,0.76137975,0.83769957,5.80609655
2501,16,248046,0.12970937,0.49551903,1.42847252
2502,248046,248046,0.05775093,0.47016908,2.69146919
2503,321,248046,2.16637327,0.96408739,5.03391838
2504,10033,248046,0.55371006,0.80620458,2.14964676
2505,248046,248046,0.20613159,0.57985619,1.79801369
2506,49825,248046,0.51852988,0.76506656,2.23589897
2507,1412,248046,0.39587762,0.71549359,2.28319550
2508,1362,248046,0.83420557,0.84927633,2.90300369
2509,44734,248046,0.27970464,0.69076905,1.97058868
2510,248046,248046,0.35831695,0.70920206,3.09354973
2511,1754,248046,0.53403091,0.79453575,2.27224159
2512,2923,2923,0.02828147,0.60146104,2.14311981
2513,248046,248046,0.03206105,0.10920350,4.34089279
2514,24276,24276,0.34528459,0.88347244,2.67926598
2515,303,303,0.09265614,0.81473677,1.76581383
2516,248046,248046,0.29607117,0.38235088,2.14240360
2517,15579,15579,0.13101232,0.84597958,2.14022827
2518,248046,248046,0.00078315,0.21037436,1.85844183
2519,248046,248046,0.07310092,0.45401804,1.91969681
2520,264,264,0.12521812,0.70699266,1.71363258
2521,32288,248046,0.61173567,0.81379688,2.38575745
2522,3010,3010,0.16729047,0.85209328,1.91474152
2523,11,11,0.21942327,0.75606598,1.74761772
2524,21778,248046,0.37463415,0.74195085,1.67963791
2525,220,220,0.31029256,0.76535475,1.71974373
2526,16,248046,0.51623357,0.83277837,2.11470604
2527,23,23,0.14673875,0.60423045,1.36125946
2528,9714,248046,0.54594892,0.78713221,2.49082756
2529,248046,248046,0.09711988,0.49390445,2.00023842
2530,6435,6435,0.05359191,0.72463908,1.67420578
2531,220,248046,0.39287072,0.75894365,1.75498581
2532,18,18,0.00485527,0.19227883,2.77018929
2533,17,17,0.01645216,0.22911930,2.62895012
2534,22,22,0.18334674,0.72867183,2.60086060
2535,21,21,0.05471814,0.87583232,2.17398453
2536,23,23,0.24406937,0.70050297,1.51738739
2537,248046,248046,0.18193826,0.56151450,2.02071953
2538,248046,248046,0.09548201,0.55543411,2.86526680
2539,513,513,0.45580833,0.83067007,2.09535789
2540,25152,248046,0.76950005,0.84110860,3.02610207
2541,220,248046,0.55384889,0.78461455,2.29457474
2542,21,21,0.42134761,0.67892094,2.02729034
2543,2942,248046,0.34785550,0.77002245,1.87328720
2544,791,248046,0.45942798,0.75954192,2.11852264
2545,2018,248046,1.36501149,0.82866565,3.29500008
2546,13,248046,0.50654095,0.79496703,1.99125290
2547,248046,248046,0.17988233,0.59816718,2.25104141
2548,7776,7776,0.26602274,0.72274726,1.69804382
2549,4763,4763,0.13047663,0.84494443,1.99271202
2550,4238,4238,0.32101584,0.79067091,2.02901268
2551,369,248046,0.48179718,0.75759835,2.09012985
2552,279,279,0.12894441,0.77498141,1.42548370
2553,248046,248046,0.02854512,0.21325395,1.95819092
2554,314,314,0.30028670,0.75122634,1.60746193
2555,248046,248046,0.08132631,0.36512305,3.23419952
2556,1698,1698,0.24438257,0.82275432,2.19193077
2557,11,11,0.36923781,0.78826438,2.09153938
2558,248046,248046,0.58566735,0.08986155,3.16790581
2559,248046,248046,0.30146459,0.72661081,2.80722427
2560,2424,248046,0.30502489,0.72166991,2.62215805
2561,11,11,0.08447096,0.70016910,1.30004120
2562,321,248046,0.57836870,0.78700891,2.39388847
2563,11304,248046,2.17084160,0.95975993,4.51247215
2564,248046,248046,0.09148322,0.45612895,1.63570595
2565,248046,248046,0.34126579,0.68819203,2.40190220
2566,7896,7896,0.08788046,0.67635820,1.55738831
2567,11135,248046,1.28198574,0.84619590,2.77244473
2568,11,11,0.11735217,0.82708465,1.95013618
2569,248046,248046,0.62006352,0.18924242,3.68150330
2570,5639,5639,0.19728693,0.85881809,1.96401596
2571,2600,2600,0.03992035,0.67587008,1.32035255
2572,310,248046,0.58160536,0.80062089,2.08314514
2573,14944,14944,0.20300446,0.84040253,2.06049347
2574,33,33,0.01716991,0.65972419,1.63349342
2575,248046,248046,0.04935638,0.33023728,1.79784775
2576,1608,248046,0.42129989,0.80396279,2.15105629
2577,220,220,0.24539577,0.72273115,1.68622780
2578,17,17,0.00079202,0.31714474,1.69516754
2579,61,61,0.07574433,0.73556275,1.46207428
2580,248046,248046,0.00637763,0.06239601,1.69170165
2581,15,15,0.03116139,0.77880670,1.64139366
2582,11,248046,0.10986877,0.47297171,1.12186623
2583,248046,248046,0.00656972,0.29654809,1.65185738
2584,9150,9150,0.08636933,0.61465846,1.41771507
2585,279,248046,0.26433021,0.67491817,1.53439522
2586,248046,248046,0.00876089,0.56144385,6.86152363
2587,248046,248046,0.10695998,0.45831962,1.69644928
2588,264,248046,0.70150772,0.88563616,1.90004730
2589,56111,248046,0.68862113,0.82035272,2.34436035
2590,248046,248046,0.14679583,0.51569068,1.28772926
2591,16,248046,0.13275864,0.49999085,1.14512253
2592,16,16,0.00258182,0.02889953,1.65685940
2593,13,13,0.01432704,0.22533756,0.82956058
2594,23,23,0.09148330,0.45823587,1.07474518
2595,248046,248046,0.13640775,0.50009395,1.44598198
2596,33,33,0.00087055,0.07448673,1.63362503
2597,248046,248046,0.00011553,0.07990350,1.48643267
2598,2569,2569,0.14761348,0.62558972,1.59124756
2599,248046,248046,0.00361774,0.17594557,1.40414047
2600,12945,12945,0.02879263,0.53381620,1.28244400
2601,264,264,0.00004647,0.03230348,1.47691154
2602,248046,248046,0.00010150,0.14567904,7.90154266
2603,248046,248046,0.00106220,0.09864836,1.65854585
2604,248046,248046,0.00000015,0.10666531,2.04798889
2605,248046,248046,0.00000064,0.07028656,1.59824300
2606,248046,248046,0.01913804,0.23436801,1.74291635
2607,17,248046,0.77655083,0.86991063,2.91986370
2608,248046,248046,0.04126612,0.32649025,1.56218815
2609,248046,248046,0.02007639,0.33009540,1.90221024
2610,264,264,0.16784986,0.68278054,1.47928238
2611,28,28,0.18943253,0.68751697,2.03581023
2612,248046,248046,0.19846721,0.58075018,1.95760536
2613,24,24,0.04608131,0.46189369,3.75742555
2614,248046,248046,0.04101005,0.38372320,2.08086777
2615,248046,248046,0.00395410,0.36249054,4.93830776
2616,248046,248046,0.28806707,0.65078274,1.87995529
2617,248046,248046,0.07891927,0.39912726,1.52581644
2618,18,248046,0.06598757,0.39060336,1.05771446
2619,248046,248046,0.11715000,0.47455880,1.30480957
2620,248046,248046,0.25632340,0.61871464,8.89653301
2621,272,248046,0.68395285,0.83554942,7.22504997
2622,28,248046,0.58709914,0.79186617,2.26850700
2623,248046,248046,0.08322440,0.31267187,1.07478142
2624,248046,248046,0.01784336,0.28265719,1.64142227
2625,248046,248046,0.05112525,0.37801827,1.41768456
2626,279,279,0.26506585,0.75633126,1.90143204
2627,66480,248046,1.17097482,0.92422197,3.18781662
2628,248046,72632,0.31388526,1.64246111,8.88051319
2629,248046,248046,0.09618351,0.43688377,1.36158848
2630,8102,8102,0.00082624,0.23099305,8.92358589
2631,248046,248046,0.05838030,1.01488099,7.26483727
2632,248046,248046,0.06783005,0.24060359,2.39065742
2633,248046,248046,0.00723573,0.14026924,1.63509178
2634,8,8,0.00263233,0.29438311,1.89310360
2635,248046,248046,0.00030463,0.30165203,3.98441887
2636,248046,248046,0.00017344,0.12913760,2.27880359
2637,64,248046,4.96284657,0.99882502,9.78719807
2638,17930,17930,0.07056772,0.79764093,1.64885139
2639,248046,248046,0.01911822,0.27126746,7.38496494
2640,478,248046,0.94356455,0.86628710,2.80548573
2641,248046,248046,0.00396039,0.16295813,2.53998756
2642,8,8,0.16242272,0.73762281,1.61105919
2643,248046,248046,0.00249888,0.08633316,2.92066813
2644,248046,248046,0.17297111,0.65342911,4.49423981
2645,248046,248046,0.00330316,0.34503286,2.93232965
2646,248046,248046,0.00416245,0.05940264,2.66121817
2647,830,830,0.14892979,0.92694469,2.45284653
2648,62,62,0.01019777,0.48076649,1.54613400
2649,248046,248046,0.14515908,0.50944386,1.42343521
2650,248046,248046,0.00349641,0.34132362,2.77674651
2651,220,220,0.01046209,0.82198506,2.09491158
2652,16,248046,0.26700309,0.52260864,1.76783752
2653,248046,248046,0.06740279,0.40348788,1.48695183
2654,248046,248046,0.00477707,0.13791328,3.38871479
2655,10033,248046,0.22940653,0.63275374,1.46488762
2656,248046,248046,0.00103113,0.17341849,1.76190186
2657,248046,248046,0.01716746,0.31858336,4.54240894
2658,248046,248046,0.00240058,0.08946069,1.84107733
2659,1362,248046,0.20378481,0.59737831,1.43209267
2660,248046,248046,0.00822461,0.29408721,1.61192036
2661,413,248046,0.37294117,0.69665143,2.44459820
2662,248046,248046,0.00599526,0.19357042,2.22889709
2663,2923,248046,0.81447836,0.89742263,2.31247544
2664,248046,248046,0.01665485,0.02876474,3.48618031
2665,248046,248046,0.03016426,0.20175345,2.12907410
2666,303,303,0.00370110,0.10228407,3.97902298
2667,248046,248046,0.00067839,0.07092361,1.24182105
2668,248046,248046,0.00112149,0.01808723,1.31821918
2669,248046,248046,0.00004996,0.07130144,2.86940193
2670,248046,248046,0.06240739,0.58202284,6.54982662
2671,248046,248046,0.02673666,0.49526052,2.06009483
2672,248046,248046,0.01446279,0.10658575,1.95898056
2673,248046,248046,0.09138237,0.42708559,1.20805788
2674,11,248046,0.58931936,0.84321096,2.26327515
2675,248046,248046,0.14569197,0.50761182,1.73794937
2676,220,248046,0.21014115,0.64647061,1.23164558
2677,16,16,0.14172481,0.82847630,1.82270432
2678,24,24,0.00131903,0.58237155,4.14037561
2679,248046,248046,0.31767600,0.66918091,1.91385841
2680,1754,248046,0.28625549,0.64596257,1.30495453
2681,6435,6435,0.13018322,0.74072160,1.40997314
2682,220,248046,0.32754199,0.68122599,1.62934303
2683,18,18,0.00082821,0.36280866,2.00250912
2684,18,18,0.01108887,0.43206908,2.54332352
2685,22,248046,0.32280621,0.71165178,1.75978088
2686,24,24,0.05629223,0.70543017,1.21522522
2687,17,248046,0.29803574,0.69231180,1.71940994
2688,248046,248046,0.08106718,0.40932543,1.13189554
2689,248046,248046,0.00250208,0.24686199,1.83451080
2690,248046,248046,0.21021443,0.40251904,3.70896721
2691,248046,248046,0.00016868,0.13406408,2.05227280
2692,220,248046,0.37692211,0.74506151,1.57821083
2693,22,22,0.03885385,0.89284611,2.24745369
2694,2942,2942,0.13412740,0.70427902,1.67679977
2695,791,248046,1.13968217,0.90203835,2.08818245
2696,248046,248046,0.01531528,0.43366031,4.54714489
2697,248046,248046,0.06696973,0.49084526,4.70680523
2698,248046,248046,0.19382084,0.58221781,1.83381844
2699,248046,248046,0.02846008,0.28360061,1.84461212
2700,4763,4763,0.48799794,0.86655569,1.74435616
2701,248046,248046,0.11815665,0.52317399,1.84060097
2702,369,248046,0.24286227,0.62230009,1.47768784
2703,248046,248046,0.03803289,0.52821555,2.52451897
2704,248046,248046,0.35630475,0.16618517,2.29911923
2705,248046,248046,0.00163150,0.24355709,2.11647677
2706,2424,2424,0.16070396,0.61076431,5.63869476
2707,248046,248046,0.02420282,0.60963468,3.67785072
2708,11,248046,0.28347795,0.67608792,1.81795692
2709,248046,248046,0.00118989,0.17728725,2.76581621
2710,791,248046,0.24994878,0.62384923,1.45664978
2711,248046,248046,0.03036285,0.25212931,3.47608805
2712,11,11,0.29809428,0.77171745,1.61952782
2713,248046,248046,0.00870513,0.33994952,3.42673874
2714,248046,248046,0.00693436,0.33650821,5.91720057
2715,248046,248046,0.08026898,0.52302719,4.11304331
2716,248046,248046,0.39065089,2.30237038,7.39404297
2717,248046,248046,0.14981136,0.52764439,1.47716856
2718,248046,248046,0.00025459,0.02895428,1.40617800
2719,248046,248046,0.00042330,0.06896439,5.43601322
2720,248046,248046,0.00633516,0.16276375,5.34440279
2721,248046,248046,0.14541943,0.57865241,2.66383743
2722,2600,248046,0.74144627,0.84553362,1.66289330
2723,248046,248046,0.02375154,0.25082830,2.29443789
2724,248046,248046,0.00015320,0.14456677,1.85646009
2725,33,33,0.00211053,0.09876427,1.75522614
2726,248046,248046,0.00053601,0.19262057,1.89572144
2727,248046,248046,0.00000667,0.02332054,2.96186638
2728,220,220,0.17396511,0.90812128,2.31987953
2729,17,17,0.79970370,0.69964111,3.92374372
2730,248046,248046,0.01220154,0.18599155,2.61940765
2731,248046,248046,0.04903790,0.46603777,6.62945414
2732,15,248046,0.78443537,0.92472565,8.75923920
2733,248046,248046,0.00034376,0.15852597,1.70254254
2734,248046,248046,0.00078600,0.16868186,3.97786236
2735,248046,248046,0.00107282,0.31573905,5.15659714
2736,248046,248046,0.00633904,0.07264431,3.13362575
2737,248046,248046,0.00054170,0.02857183,1.93666232
2738,248046,248046,0.00030415,0.10570524,3.39569116
2739,248046,248046,1.16215301,3.90372906,6.24705315
2740,248046,248046,0.00001300,0.02603001,3.72127533
2741,248046,248046,0.09759107,0.80822417,4.58961487
2742,248046,248046,0.00617851,0.17963033,3.23936081
2743,248046,248046,0.09283497,0.95333369,2.30508995
2744,248046,248046,0.08246461,0.45489739,2.19617772
2745,248046,248046,0.04079324,0.31570831,2.13499832
2746,248046,248046,0.02407131,0.26170444,1.37429619
2747,248046,248046,0.00016210,0.04477004,2.07443476
2748,248046,248046,0.00002344,0.04231371,2.36295557
2749,248046,248046,0.00001829,0.04040896,2.47278786
2750,248046,248046,0.00660676,0.16705532,1.04087210
2751,248046,248046,0.00012405,0.10364961,1.94398022
2752,248046,248046,0.00045389,0.18143681,5.43183136
2753,248046,248046,0.00000817,0.03254762,3.68031526
2754,248046,248046,0.00002744,0.04037789,1.80737734
2755,248046,248046,0.00000021,0.02009430,1.71683407
2756,248046,248046,0.00000003,0.03740362,2.01394367
2757,248046,248046,0.00352835,0.12488709,1.00965738
2758,248046,248046,0.00303116,0.20321824,8.33406925
2759,248046,248046,0.00005095,0.05975998,2.02587557
2760,248046,248046,0.00023009,0.14777216,1.49661636
2761,248046,248046,0.00221974,0.08335215,1.11695194
2762,248046,248046,0.00177877,0.07583197,2.50354791
2763,248046,248046,0.01208663,0.18207568,3.14293671
2764,248046,248046,0.00216778,0.10619219,2.49901056
2765,248046,248046,0.00049683,0.11439989,1.20032692
2766,248046,248046,0.00006434,0.07196255,5.27974796
2767,248046,248046,0.00545513,0.14734065,1.16865373
2768,248046,248046,0.00014169,0.12703330,2.70625448
2769,248046,248046,0.00079352,0.05083224,1.14081860
2770,248046,248046,0.00066431,0.11546864,1.54740191
2771,248046,248046,0.00644734,0.15209405,7.74742222
2772,248046,248046,0.00019854,0.24725119,7.51087332
2773,248046,248046,0.00078499,0.14180628,1.15315843
2774,248046,248046,0.00025595,0.02995419,3.84831643
2775,248046,248046,0.00002287,0.13206807,1.63523865
2776,248046,248046,0.00002496,0.05525425,1.35088110
2777,248046,248046,0.00343363,0.21052970,1.81496906
2778,248046,248046,0.00082594,0.03457095,6.60035467
2779,248046,248046,0.00001497,0.05957419,1.21147037
2780,248046,248046,0.00352904,0.14179375,1.40405273
2781,248046,248046,0.00443149,0.43862441,3.28138447
2782,248046,248046,0.00318619,0.05389181,1.97016966
2783,248046,248046,0.00051486,0.13232882,2.67989373
2784,248046,248046,0.00020431,0.12018649,2.76480389
2785,248046,248046,0.00623000,0.34059475,3.23791695
2786,248046,248046,0.00000008,0.12675917,2.48198366
2787,248046,248046,0.00000064,0.01797416,1.67610407
2788,248046,248046,1.07169616,0.12724838,9.41520405
2789,17930,248046,0.13513888,0.50540122,1.43580866
2790,248046,248046,0.00001591,0.11371054,1.60940421
2791,248046,248046,0.00000974,0.02208393,5.07584000
2792,248046,248046,0.00002769,0.05159921,2.51307535
2793,248046,248046,0.01050615,0.21225071,1.22362709
2794,248046,248046,0.00006202,0.08817020,1.01460934
2795,248046,248046,0.00085959,0.34770288,4.49961376
2796,248046,248046,0.00000530,0.10077677,1.88313174
2797,248046,248046,0.00009375,0.05632660,1.35133433
2798,248046,248046,0.00266006,0.20982225,1.25554204
2799,248046,248046,0.11963912,0.48073200,1.45829582
2800,248046,248046,0.00262839,0.18841811,2.65130615
2801,248046,248046,0.02224499,0.63347472,6.72046947
2802,248046,248046,0.00005571,0.04251418,3.38770199
2803,248046,248046,0.00053267,0.03228428,3.74078965
2804,248046,248046,0.00011784,0.09127029,1.28329992
2805,248046,248046,0.00003828,0.06787723,4.47972775
2806,248046,248046,0.00009789,0.14286782,2.03092527
2807,248046,248046,0.00094220,0.19256389,1.83323288
2808,248046,248046,0.00001771,0.00220318,1.90857315
2809,248046,248046,0.00001907,0.14253345,1.70974588
2810,248046,248046,0.00005953,0.09366902,2.98264694
2811,248046,248046,0.00004658,0.07861078,1.84348345
2812,248046,248046,0.00322318,0.16600616,1.47499573
2813,248046,248046,0.00004473,0.00281512,1.63476944
2814,248046,248046,0.00002448,0.02418039,4.33309698
2815,248046,248046,0.00000838,0.07865846,4.24907446
2816,248046,248046,0.00000247,0.00259930,1.86841297
2817,248046,248046,0.00019179,0.01055376,6.48119354
2818,248046,248046,0.00001730,0.05378369,3.74829268
2819,248046,248046,0.00001158,0.03410899,1.23901725
2820,248046,248046,0.00013230,0.11481882,5.24482346
2821,248046,248046,0.00008846,0.06240950,1.39095247
2822,248046,248046,0.00000584,0.04387567,3.41775703
2823,248046,248046,0.00000931,0.04206340,1.19863319
2824,248046,248046,0.02360001,0.29490040,1.34966946
2825,248046,248046,0.00035390,0.34278724,6.32847452
2826,248046,248046,0.00020169,0.12838173,11.18854046
2827,248046,248046,0.01658611,0.24550850,1.38043094
2828,248046,248046,0.00002010,0.03011234,1.05158901
2829,248046,248046,0.00131824,0.14694073,1.39984643
2830,248046,248046,0.00013703,0.05465892,2.15557599
2831,248046,248046,0.00037102,0.17827788,1.78973007
2832,248046,248046,0.01449473,0.22911946,1.23903656
2833,248046,248046,0.01615890,0.32014985,2.09886551
2834,248046,248046,0.07426127,0.40263606,0.96643066
2835,248046,248046,0.01307814,0.23059672,1.15324676
2836,248046,248046,0.00053307,0.13323386,1.18042183
2837,248046,248046,0.00569212,0.19151486,1.28400326
2838,248046,248046,0.00000027,0.00413207,1.17145729
2839,248046,248046,0.00019990,0.11109290,2.03896046
2840,248046,248046,0.00000032,0.00764071,1.42599773
2841,248046,248046,0.00004513,0.10952090,4.17307568
2842,248046,248046,0.00000763,0.03234820,1.82920074
2843,248046,248046,0.00056679,0.07682158,1.20399642
2844,248046,248046,0.00080781,0.14874359,5.46742964
2845,248046,248046,0.01024827,0.17957635,1.86323953
2846,248046,248046,0.00174492,0.13497598,2.14596510
2847,248046,248046,0.00001515,0.01508068,1.98838162
2848,248046,248046,0.00010400,0.09506215,1.81806278
2849,248046,248046,0.00010678,0.17121234,1.80914307
2850,248046,248046,0.00028660,0.26162443,8.22558403
2851,248046,248046,0.02174655,0.58682117,3.60568810
2852,248046,248046,0.00000988,0.05459981,3.47486591
2853,248046,248046,0.00224475,0.29856667,2.62788963
2854,248046,248046,0.00014297,0.03172960,7.02902460
2855,248046,248046,0.00014970,0.07058198,2.61218548
2856,248046,248046,0.00008583,0.00562955,1.62060618
2857,248046,248046,0.00007894,0.03436943,2.11879158
2858,248046,248046,0.00001223,0.01408662,6.01207829
2859,248046,248046,0.00158104,0.19570352,1.61967087
2860,248046,248046,0.00091031,0.05450676,6.53835201
2861,248046,248046,0.00784922,0.32571044,2.10965538
2862,248046,248046,0.00002669,0.16916431,2.04789019
2863,248046,248046,0.02135760,0.30020020,1.29110527
2864,248046,248046,0.00014209,0.09935108,0.90788978
2865,248046,248046,0.00023712,0.20580884,7.17470980
2866,248046,248046,0.00083911,0.27148887,2.71380997
2867,248046,248046,0.00000089,0.10313965,2.74321365
2868,248046,248046,0.00000618,0.06123887,1.25228262
2869,248046,248046,0.00097590,0.35966812,2.70042229
2870,248046,248046,0.00533449,0.26428891,1.75319290
2871,248046,248046,0.00007704,0.15232577,1.55649376
2872,248046,248046,0.00006662,0.11257963,1.58991170
2873,248046,248046,0.00000079,0.00702043,2.36609674
2874,248046,248046,0.00000991,0.02794207,1.46468067
2875,248046,248046,0.00000086,0.01166931,3.25185418
2876,248046,248046,0.00001825,0.06205815,1.51013625
2877,248046,248046,0.00000640,0.05102433,1.47908759
2878,248046,248046,0.00000817,0.05073995,1.93789625
2879,248046,248046,0.00001519,0.02598284,1.54105854
2880,248046,248046,0.00066311,0.25458015,4.64049196
2881,248046,248046,0.00855641,1.94833413,17.58340073
2882,248046,248046,0.00000353,0.06264099,2.69962931
2883,248046,248046,0.00014997,0.10276782,1.96424103
2884,248046,248046,0.00016266,0.10418516,1.44264364
2885,248046,248046,0.00015833,0.15740934,2.25790834
2886,248046,248046,0.00004177,0.01893986,1.86352754
2887,248046,248046,0.00004971,0.08684900,1.27048254
2888,248046,248046,0.00017871,0.01950605,3.10888171
2889,248046,248046,0.00000597,0.01648281,1.10156608
2890,248046,248046,0.00001131,0.01486235,2.27029181
2891,248046,248046,0.00000753,0.01948281,3.18550253
2892,248046,248046,0.00005107,0.11444118,1.93209457
2893,248046,248046,0.00010399,0.05966104,1.40444946
2894,248046,248046,0.00513871,0.09559346,4.42091894
2895,248046,248046,0.00001902,0.05453366,2.58854437
2896,248046,248046,0.00000572,0.19759384,5.06877947
2897,248046,248046,0.00000096,0.05092991,1.63177013
2898,248046,248046,0.00004017,0.14847964,1.75549698
2899,248046,248046,0.00099871,0.51790726,9.93667603
2900,248046,248046,0.00003431,0.07671172,1.82303309
2901,248046,248046,0.00076681,0.20816534,1.41477203
2902,248046,248046,0.00088847,0.18466223,2.14326143
2903,248046,248046,0.00005125,0.03148834,2.24752283
2904,248046,248046,0.00000389,0.04494598,2.17428899
2905,248046,248046,0.00000110,0.05905734,1.20944643
2906,248046,248046,0.00000017,0.04049552,2.21697021
2907,248046,248046,0.00000041,0.06733949,2.61989117
2908,248046,248046,0.00139828,0.14420245,1.31682765
2909,248046,248046,0.00198150,0.20604035,1.48130822
2910,248046,248046,0.00018890,0.17449252,1.67451477
2911,248046,248046,0.00135673,0.18749790,1.70587063
2912,248046,248046,0.02018782,0.37056055,2.24811363
2913,248046,248046,0.08522366,0.66300659,7.90031719
2914,248046,248046,0.00001189,0.22023983,3.32032919
2915,248046,248046,0.36720268,0.20584514,3.12390113
2916,248046,248046,0.00030688,0.21829824,2.22528267
2917,248046,248046,0.00003310,0.10324770,1.43412733
2918,248046,248046,0.00132884,0.15560761,1.33467293
2919,248046,248046,0.00512526,0.26733914,3.51350451
2920,248046,248046,0.00577808,0.16230802,6.40026760
2921,248046,248046,0.00109734,0.28441655,2.59869957
2922,248046,248046,0.00038342,0.17600693,1.48723936
2923,248046,248046,0.00003855,0.07473149,1.80999851
2924,248046,248046,0.00188873,0.22070867,1.36141777
2925,248046,248046,0.00009924,0.08487158,4.03786373
2926,248046,248046,0.00026788,0.19390996,1.89145279
2927,248046,248046,0.00100385,0.17540811,1.12308693
2928,248046,248046,0.00469311,0.19613673,1.25654483
2929,248046,248046,0.00022253,0.23975828,6.82190752
2930,248046,248046,0.00000796,0.03075208,1.62121880
2931,248046,248046,0.00009187,0.03126490,2.28341770
2932,248046,248046,0.00000439,0.12345955,5.36170626
2933,248046,248046,0.00103780,0.04292703,3.23912764
2934,248046,248046,0.00027832,0.09323690,1.85825849
2935,248046,248046,0.00027969,0.03265839,2.31451011
2936,248046,248046,0.00147137,0.11162767,1.55279827
2937,248046,248046,0.00000004,0.14902182,3.43827820
2938,248046,248046,0.00007773,0.42194251,6.91812992
2939,248046,248046,0.00021635,0.11479050,5.58561707
2940,248046,248046,0.00050132,0.07109215,3.97133374
2941,248046,248046,0.05404662,0.67217336,7.71890068
2942,248046,248046,0.00001217,0.09405307,2.67487240
2943,248046,248046,0.00027828,0.19562094,6.75086784
2944,248046,248046,0.00049826,0.34142037,5.17432499
2945,248046,248046,0.00000042,0.06241828,1.25303769
2946,248046,248046,0.00001204,0.14732955,2.58126187
2947,248046,248046,0.00000540,0.04372510,2.84167671
2948,248046,248046,0.03295804,1.70792424,13.07092857
2949,248046,248046,0.00025433,0.04939633,2.22898984
2950,248046,248046,0.00008277,0.12807991,3.22198439
2951,248046,248046,0.00015301,0.18756934,2.21512222
2952,248046,248046,0.00002300,0.07423723,1.36530781
2953,248046,248046,0.00049830,0.17654496,7.93492746
2954,248046,248046,0.00076222,0.31012218,3.78266025
2955,248046,248046,0.00145100,0.18497944,1.62836075
2956,248046,248046,0.00037931,0.16266781,2.75485086
2957,248046,248046,0.00007186,0.04467252,5.92010784
2958,248046,248046,0.00088974,0.16234896,1.29894257
2959,248046,248046,0.00051978,0.05834536,2.78818321
2960,248046,248046,0.00019723,0.09975788,1.27888489
2961,248046,248046,0.01329797,0.04488513,7.45380974
2962,248046,248046,0.00003293,0.03662660,7.89794731
2963,248046,248046,0.00490990,0.22273093,1.27701950
2964,248046,248046,0.00002031,0.04766976,0.92014694
2965,248046,248046,0.00024215,0.09265738,4.55373144
2966,248046,248046,0.00005322,0.05764350,1.70427680
2967,248046,248046,0.00000673,0.01259409,0.94249320
2968,248046,248046,0.00000451,0.03392624,1.51357245
2969,248046,248046,0.00000443,0.03019016,1.58176446
2970,248046,248046,0.00008356,0.01745087,2.75127006
2971,248046,248046,0.02052879,0.93693720,10.29022694
2972,248046,248046,0.00000280,0.14363214,2.55952311
2973,248046,248046,0.00060780,0.41110855,5.22843552
2974,248046,248046,0.00006562,0.14109520,6.80866098
2975,248046,248046,0.00000263,0.04338929,1.54913020
2976,248046,248046,0.02845372,0.44790567,2.72448158
2977,248046,248046,0.00009008,0.11203049,2.32109642
2978,248046,248046,0.02695503,0.32844591,1.56482506
2979,248046,248046,0.31465211,0.88660863,6.15869427
2980,248046,248046,0.04221825,0.64464401,8.01960945
2981,248046,248046,0.00357690,0.26228011,1.97257996
2982,248046,248046,0.00275499,0.23362195,1.59712791
2983,248046,248046,0.27350084,2.30053659,10.88432312
2984,248046,248046,0.02483917,0.40254390,2.56267548
2985,248046,248046,0.00828987,0.40436926,3.00771022
2986,248046,248046,0.00893449,0.30931008,1.92356110
2987,248046,248046,0.00058717,0.23739954,1.87915993
2988,248046,248046,0.00526060,0.32917014,2.09902573
2989,248046,248046,0.00154562,0.16153062,1.70718384
2990,248046,248046,0.00056633,0.17968080,1.41553116
2991,248046,248046,0.00001666,0.01893774,1.22152424
2992,248046,248046,0.01059989,0.43191445,2.78989530
2993,248046,248046,0.04393681,0.84055402,6.71838903
2994,248046,248046,0.01319153,0.33444771,1.98421860
2995,248046,248046,0.00035539,0.14916267,2.94851923
2996,248046,248046,0.10930105,0.50904011,1.83890533
2997,248046,248046,0.00453738,0.27010215,2.75241518
2998,248046,248046,0.00010986,0.01737653,2.27927542
2999,248046,248046,0.00723942,0.26892408,1.56148911
3000,248046,248046,0.00006099,0.14040293,5.05022907
3001,248046,248046,0.00107232,0.40575652,5.12860870
3002,248046,248046,0.00099254,0.15163933,1.45204163
3003,248046,248046,0.00001611,0.07682742,4.05236626
3004,248046,248046,0.00049234,0.18810868,1.78493118
3005,248046,248046,0.00052488,0.15485881,1.97395611
3006,248046,248046,0.00013594,0.05415522,1.26397705
3007,248046,248046,0.01875978,0.50925027,4.32253647
3008,248046,248046,0.00007663,0.11174235,2.77246499
3009,248046,248046,0.00011206,0.47249176,7.11279726
3010,248046,248046,0.00457027,0.35367523,2.66685295
3011,248046,248046,0.00029558,0.11321068,1.87330055
3012,248046,248046,0.00237599,0.24227121,1.65417671
3013,248046,248046,0.00001141,0.01613333,1.31671238
3014,248046,248046,0.01651697,0.36720939,2.23468208
3015,248046,248046,0.00008043,0.11224685,1.57805872
3016,248046,248046,0.00000458,0.00347812,3.87500811
3017,248046,248046,0.00112747,0.26216934,2.44508743
3018,248046,248046,0.00000776,0.03346461,2.00862122
3019,248046,248046,0.00032593,0.15068164,9.81355572
3020,248046,248046,0.00011199,0.06482759,3.27861214
3021,248046,248046,0.00614960,0.38392671,2.90469742
3022,248046,248046,0.00007310,0.10923534,1.44175339
3023,248046,248046,0.00000500,0.07256041,1.25455165
3024,248046,248046,0.00040711,0.13163195,7.54185820
3025,248046,248046,0.00050103,0.31557908,3.90761971
3026,248046,248046,0.00000161,0.02734448,1.17923713
3027,248046,248046,0.00011645,0.04308535,2.29313612
3028,248046,248046,0.02556572,0.59628356,5.87056065
3029,248046,248046,0.00000667,0.07586146,1.17027068
3030,248046,248046,0.00001576,0.06955750,3.97083282
3031,248046,248046,0.00002488,0.14984314,1.89250183
3032,248046,248046,0.00001191,0.03713359,4.09496927
3033,248046,248046,0.00002757,0.03066859,2.63347054
3034,248046,248046,0.00012576,0.00440066,8.95636463
3035,248046,248046,0.00000203,0.17205946,2.36769223
3036,248046,248046,0.00000346,0.03362474,1.95625234
3037,248046,248046,0.00030613,0.09417539,7.31023932
3038,248046,248046,0.02585565,0.44884860,2.83118820
3039,248046,248046,0.00015130,0.12464164,5.54180193
3040,248046,248046,0.00073585,0.23165636,8.36503315
3041,248046,248046,0.00003976,0.01776274,4.21209908
3042,248046,248046,0.00001186,0.05951125,3.90798974
3043,248046,248046,0.00170480,0.27594712,2.43667984
3044,248046,248046,0.00477956,0.34301403,11.15116310
3045,248046,248046,0.00019107,0.28817525,3.81901097
3046,248046,248046,0.00032098,0.13376844,8.01257038
3047,248046,248046,0.00001550,0.23019176,3.47735882
3048,248046,248046,0.00000595,0.12553085,5.45082378
3049,248046,248046,0.00174516,0.19365948,2.59808016
3050,248046,248046,0.00449435,0.45768375,6.16420174
3051,248046,248046,0.00001027,0.00305165,1.25476539
3052,248046,248046,0.00001249,0.23876034,7.34788609
3053,248046,248046,0.00001192,0.03138267,4.75184870
3054,248046,248046,0.00066908,0.32165316,6.60995579
3055,248046,248046,0.00000574,0.03753792,3.45225286
3056,248046,248046,0.00003993,0.12264867,1.87681007
3057,248046,248046,0.00000004,0.01840411,1.65448093
3058,248046,248046,0.00000807,0.15458528,5.92303705
3059,248046,248046,0.00531410,0.21071920,1.50638163
3060,248046,248046,0.00090279,0.19760672,4.57105255
3061,248046,248046,0.00216080,0.32279744,2.81565666
3062,248046,248046,0.00038928,0.17171822,1.60710526
3063,248046,248046,0.00210474,0.18422861,1.34375763
3064,248046,248046,0.04163265,0.44870714,3.55413032
3065,248046,248046,0.00007506,0.21881951,2.33366370
3066,248046,248046,0.00087275,0.10485014,2.63786173
3067,248046,248046,0.00013637,0.19180023,2.24783134
3068,248046,248046,0.00002013,0.10662026,10.66639709
3069,248046,248046,0.00111840,0.25732885,2.71024895
3070,248046,248046,0.00000530,0.02715097,5.46670151
3071,248046,248046,0.02555187,0.06960605,2.05264902
3072,248046,248046,0.00424786,0.06907530,1.04569197
3073,248046,248046,0.00260621,0.03710294,0.97463417
3074,248046,248046,0.00020452,0.00656067,0.96919584
3075,248046,248046,0.00318838,0.17336666,1.37229800
3076,248046,248046,0.00010576,0.06656084,1.13002205
3077,248046,248046,0.00029187,0.00204463,1.07152462
3078,2080,2080,0.00859086,0.19950518,0.94032621
3079,842,842,0.03057566,0.59083697,1.35027516
3080,248046,248046,0.01475130,0.01457376,1.12105703
3081,248046,248046,0.00023398,0.08709631,0.99827957
3082,248046,248046,0.00147817,0.01422493,1.47244024
3083,248046,248046,0.00624839,0.06808909,1.31356525
3084,248046,248046,0.04885330,0.20210248,0.86916637
3085,69892,279,0.01991624,0.00426370,1.24532175
3086,357,357,0.01384144,0.01187668,0.65310740
3087,248046,248046,0.00420063,0.13315095,0.96113014
3088,248046,248046,0.01748056,0.07336213,0.86946130
3089,248046,248046,0.00564311,0.01375623,0.81070137
3090,264,264,0.01891167,0.00232551,0.83544600
3091,220,220,0.01264873,0.05409267,0.84507847
3092,220,220,0.02070698,0.09821936,0.53178382
3093,15,15,0.03577258,0.00943102,1.15144229
3094,248046,248046,0.00902343,0.10806293,0.72906923
3095,248046,248046,0.00791300,0.14015064,0.94327259
3096,248046,248046,0.00623356,0.00339241,0.94783211
3097,248046,248046,0.01041327,0.03003882,1.18860817
3098,248046,248046,0.15057470,0.03269645,1.52306747
3099,220,220,0.02874846,0.04180065,0.60169411
3100,220,220,0.01292449,0.01483526,0.79614162
3101,15,15,0.04045285,0.17656264,0.85828590
3102,11,11,0.01264055,0.03555826,0.51396430
3103,11,11,0.00704922,0.11387656,0.62675095
3104,321,321,0.05109714,0.18614757,0.95067549
3105,264,264,0.03467607,0.01437085,1.03636515
3106,2015,2015,0.02346545,0.04416095,0.75779438
3107,220,220,0.03325640,0.00381175,1.07409477
3108,15,15,0.00365227,0.02971880,0.54994774
3109,13,13,0.00092567,0.03743260,0.66520596
3110,248046,248046,0.00069197,0.01499387,0.66069555
3111,3150,3150,0.03051682,0.03473003,0.85275853
3112,369,248046,0.05789275,0.30668966,0.87868690
3113,62411,248046,0.05593453,0.02576199,0.77334595
3114,16602,248046,0.06487579,0.04768420,0.85870743
3115,248046,248046,0.03031680,0.04061839,0.82166076
3116,364,248046,0.02326067,0.05567387,0.57543564
3117,411,411,0.01483758,0.02226917,0.88804674
3118,248046,248046,0.10692853,0.05356240,0.91329002
3119,248046,248046,0.01534006,0.20455217,1.16045117
3120,248046,248046,0.02453420,0.19761558,0.68679953
3121,248046,248046,0.00029087,0.01867962,0.75832081
3122,248046,248046,0.00095744,0.00795284,0.75855386
3123,248046,248046,0.02560451,0.01821031,0.75577021
3124,248046,248046,0.03785780,0.06375113,0.90546179
3125,248046,248046,0.04546025,0.11143655,1.02295172
3126,56166,56166,0.02512421,0.03704312,0.77022219
3127,424,424,0.01139850,0.04058032,0.98017979
3128,248046,248046,0.02115799,0.19961135,0.75972778
3129,264,264,0.00566835,0.01762951,0.62327611
3130,13643,13643,0.02156179,0.04474066,0.68561888
3131,694,248046,0.01461599,0.01415587,0.57579517
3132,248046,248046,0.02245603,0.12563942,1.18372250
3133,248046,248046,0.00113074,0.00729310,1.01254177
3134,248046,248046,0.06212621,0.14011081,1.03318679
3135,25,25,0.01476038,0.02946110,0.78129196
3136,248046,248046,0.05036595,0.27909836,0.88528633
3137,248046,248046,0.09059072,0.06589156,0.77256775
3138,248046,248046,0.02689322,0.18341930,0.75830305
3139,248046,248046,0.02880585,0.27372792,0.78158307
3140,842,842,0.00233692,0.12676719,0.68324554
3141,248046,248046,0.00155105,0.02558144,0.96223271
3142,248046,248046,0.00763751,0.01347931,0.84455502
3143,248046,248046,0.01677195,0.00525174,0.70459032
3144,248046,248046,0.01253443,0.19503877,0.96454334
3145,248046,248046,0.02173645,0.17766843,0.73442841
3146,248046,248046,0.00754935,0.14293968,0.92827988
3147,248046,248046,0.00407005,0.12372478,1.14365721
3148,248046,248046,0.00153091,0.06297272,1.05047071
3149,248046,248046,0.03099551,0.05574303,1.46247959
3150,279,248046,0.01900387,0.03197782,0.89155769
3151,248046,248046,0.01525353,0.03525224,1.01648474
3152,248046,248046,0.01315381,0.03905481,0.68473339
3153,248046,248046,0.01862014,0.21583181,0.80248547
3154,2032,2032,0.00399101,0.03281101,1.14885914
3155,2080,2080,0.00848739,0.22623305,0.83620548
3156,842,842,0.02563216,0.69786177,1.14337730
3157,14717,14717,0.00613321,0.10445868,0.69661808
3158,248046,248046,0.00025228,0.02260659,0.90178680
3159,248046,248046,0.00088045,0.04079928,0.70045137
3160,248046,248046,0.00012372,0.02438255,0.91968751
3161,248046,248046,0.00000286,0.00468065,1.26721501
3162,248046,248046,0.01709252,0.03064169,0.57713318
3163,248046,248046,0.03310165,0.02137877,0.76587391
3164,248046,248046,0.01227401,0.12394174,0.70841026
3165,248046,248046,0.00440353,0.11683176,0.91753650
3166,15,15,0.00556889,0.12975656,1.05700970
3167,248046,248046,0.01475380,0.00069035,1.01234889
3168,248046,248046,0.00184645,0.03666777,0.75288582
3169,248046,248046,0.00197935,0.00741586,0.74497080
3170,248046,248046,0.01583504,0.12365950,1.12958574
3171,248046,248046,0.01154681,0.08925689,0.97599840
3172,248046,248046,0.00008335,0.01317557,0.86021787
3173,248046,248046,0.00002159,0.01408039,1.34020233
3174,248046,248046,0.00004794,0.04415976,0.80063057
3175,248046,248046,0.00898700,0.15824317,0.73967505
3176,248046,248046,0.06363994,0.37317104,0.92918777
3177,248046,248046,0.03210633,0.28995105,0.99653864
3178,248046,248046,0.04681077,0.32828831,1.20538998
3179,248046,248046,0.00091944,0.13901505,1.07498550
3180,248046,248046,0.04310304,0.34642422,1.38067055
3181,2080,2080,0.06594314,0.46728246,1.17721939
3182,842,842,0.00098839,0.10511574,1.03569293
3183,62,248046,0.02082726,0.25559556,0.81096077
3184,248046,248046,0.00913993,0.21986178,0.96836853
3185,248046,248046,0.04231503,0.31034581,0.96996689
3186,248046,248046,0.05453203,0.35889814,1.82850790
3187,248046,248046,0.03185123,0.28163036,0.85141754
3188,248046,248046,0.07399092,0.39480242,1.19954109
3189,248046,248046,0.06143645,0.37575090,0.75012589
3190,15,248046,0.11725389,0.48608704,0.94345093
3191,248046,248046,0.03401109,0.33473612,1.18641984
3192,248046,248046,0.03390695,0.35876816,1.48726654
3193,9191,248046,0.19229499,0.63108495,1.39201736
3194,4619,4619,0.10556281,0.60112461,1.27192879
3195,248046,248046,0.09186882,0.43020895,1.25124931
3196,248046,248046,0.03668324,0.31203274,1.12789154
3197,248046,248046,0.04120783,0.31228648,1.04678917
3198,248046,248046,0.03738755,0.32190330,0.93940330
3199,248046,248046,0.03931965,0.31831254,0.93341827
3200,248046,248046,0.01974557,0.32692494,1.57807922
3201,31456,31456,0.05785705,0.49791063,0.78585052
3202,2902,248046,0.16021412,0.56517252,1.53537178
3203,248046,248046,0.10161405,0.45039660,1.06645203
3204,15,15,0.00995506,0.19300737,1.01689935
3205,16,248046,0.10703212,0.47059143,1.20323610
3206,248046,248046,0.00824532,0.21635183,1.03831482
3207,248046,248046,0.00027200,0.05192950,0.84313726
3208,6171,248046,0.17951145,0.61077442,1.43309021
3209,50319,248046,0.13066234,0.53195498,1.06579399
3210,248046,248046,0.03001546,0.27541109,0.81970364
3211,16,248046,1.69043649,0.04548829,6.32068777
3212,248046,248046,0.00067528,0.03777596,2.21575403
3213,248046,248046,0.00227067,0.13112741,1.75481081
3214,248046,248046,0.01582278,0.20206336,1.41020298
3215,248046,248046,0.04880655,0.34230195,1.93234158
3216,248046,248046,0.00039316,0.05611677,5.24211454
3217,248046,248046,0.00116822,0.00224866,1.97366309
3218,2029,248046,0.06941717,0.39783888,1.13622999
3219,248046,248046,0.01629345,0.22547904,1.24549770
3220,2193,248046,0.00572026,0.13852316,1.21172523
3221,66770,66770,0.00409560,0.13769680,1.05643296
3222,2845,2845,0.10771705,4.10543988,2.42090034
3223,248046,248046,0.00475380,0.13014969,1.64486504
3224,248046,248046,0.00034215,0.06521183,1.88669538
3225,248046,248046,0.02811871,0.26124915,1.57153559
3226,11988,11988,0.04271476,0.38415545,1.30972326
3227,248046,248046,0.00093768,0.07625007,1.62770700
3228,248046,248046,0.08568470,0.42409166,1.52686501
3229,248046,248046,0.00393857,0.15472674,1.01084757
3230,424,424,0.00874196,0.18225138,1.29476833
3231,248046,248046,0.00107396,0.05594338,1.36283636
3232,248046,248046,0.03910611,0.31431039,1.51354837
3233,13643,13643,0.34837177,0.87111302,2.96488953
3234,248046,248046,0.03935173,0.30416870,0.91334569
3235,248046,248046,0.07053434,0.59358809,1.55492592
3236,248046,248046,0.08479479,0.62963373,1.30109262
3237,70157,70157,0.07766836,0.89664828,0.97202730
3238,248046,248046,0.08855547,0.64804785,1.00102997
3239,25,25,0.10553949,1.33474398,0.95344543
3240,248046,18516,0.16316144,1.27394860,0.91754413
3241,248046,248046,0.11908553,0.84350029,1.02559710
3242,2080,2080,0.07582436,2.41464297,1.17124045
3243,842,842,0.02388703,1.76183258,2.08691359
3244,14717,14717,0.24348294,2.98348640,1.33151627
3245,248046,248046,0.10615879,0.71259197,1.27323294
3246,248046,248046,0.02879824,0.37675853,1.37274611
3247,248046,248046,0.16264331,0.95609108,3.19890547
3248,248046,248046,0.07709310,0.60653506,1.32411313
3249,248046,67,0.58165127,3.13855849,2.16470718
3250,248046,248046,0.01376929,0.24189885,1.30349255
3251,248046,248046,0.03242846,0.42747351,1.18001080
3252,248046,248046,0.00302417,0.12966498,1.98563480
3253,248046,248046,0.02842305,0.34084383,1.00681448
3254,248046,248046,0.00763491,0.26066125,2.93588161
3255,248046,248046,0.02306820,0.39221180,1.20638084
3256,248046,248046,0.07055470,0.59506043,1.21752548
3257,248046,248046,0.09784472,0.75193158,1.14792931
3258,248046,2080,12.21788150,1978.46978739,12.41596794
3259,248046,248046,3.85685325,11.06260617,8.15719986
3260,248046,62,0.24299438,1.45417062,1.87933576
3261,248046,248046,0.02905413,0.39798728,1.74581730
3262,248046,16,0.62727269,2.96374725,2.62365055
3263,248046,248046,0.00649637,0.52056279,2.89962387
3264,248046,248046,0.01456358,0.22816681,1.09002090
3265,248046,248046,0.02199159,0.28994607,0.83668733
3266,29858,29858,0.01083802,0.28922363,0.91841108
3267,248046,62,0.14656000,1.22318638,0.99009860
3268,248046,248046,0.20955705,1.11448078,1.45094109
3269,248046,248046,0.05941736,0.56444461,1.42645264
3270,248046,248046,0.02129925,0.49257390,2.21999931
3271,248046,248046,0.06789648,0.64686672,1.35310745
3272,248046,248046,0.05323246,0.58714417,1.48589134
3273,248046,248046,0.00849252,0.28392026,1.27154160
3274,248046,248046,0.02362589,0.47408693,1.44438434
3275,248046,248046,0.00242114,0.36807165,2.02797699
3276,248046,248046,0.00008898,0.17728209,1.99448895
3277,248046,248046,0.00005866,0.07131862,2.06533122
3278,248046,248046,0.00139463,0.14450838,1.39176345
3279,248046,248046,0.01291417,0.17449271,7.95425987
3280,248046,248046,0.00103746,0.06076141,1.32829499
3281,248046,248046,0.00071060,0.00404703,1.45989227
3282,248046,248046,0.08401342,0.70590885,1.50861359
3283,248046,248046,0.00015092,0.12996139,1.71544886
3284,248046,248046,0.00532149,0.36391349,1.51565552
3285,248046,248046,0.00244994,0.68180808,6.41867113
3286,248046,62,0.09320859,0.93383600,1.49014330
3287,248046,248046,0.01747351,0.26535250,2.73086977
3288,248046,248046,0.01593191,0.41494362,1.54598045
3289,248046,248046,0.02945317,0.43216816,1.70459104
3290,248046,248046,0.12774132,0.81806726,1.43636513
3291,248046,248046,0.00033999,0.22760592,2.58313775
3292,248046,220,0.08686768,0.80893727,1.32826972
3293,248046,248046,0.00465349,0.13471537,4.24719143
3294,248046,248046,0.00583156,0.15849979,7.00806522
3295,248046,248046,0.00462061,0.24757530,1.60737991
3296,248046,248046,0.00061201,0.11009568,0.97496939
3297,248046,248046,0.06971095,0.73849078,2.36980700
3298,248046,248046,0.04556808,0.47751052,1.41277421
3299,248046,248046,0.25509437,1.25992596,1.67021775
3300,248046,248046,0.14261651,0.98155754,2.01543617
3301,248046,248046,0.00387555,0.15927574,1.29318714
3302,248046,248046,0.03384519,0.37066102,2.04153061
3303,248046,248046,0.00728309,0.22126965,1.58894050
3304,248046,248046,0.00001993,0.02889385,2.16367602
3305,248046,248046,0.00024145,0.06074273,2.61645126
3306,248046,248046,0.03906233,0.41787588,1.21306491
3307,248046,248046,0.00757703,0.19872986,3.93046474
3308,248046,248046,0.00131046,0.07073974,5.68847513
3309,248046,248046,0.01677826,0.35284848,1.84478927
3310,248046,248046,0.00398950,0.21351051,6.82577419
3311,248046,248046,0.01003661,0.32229119,2.53380680
3312,248046,248046,0.00191858,0.08719804,2.76667905
3313,248046,248046,0.02230791,0.37792149,1.15538096
3314,248046,248046,0.23822372,0.67607972,6.80218649
3315,248046,248046,0.05402597,0.58562308,2.13159180
3316,248046,248046,0.00505696,0.30398373,1.53849864
3317,248046,248046,0.00007801,0.10746359,1.86559248
3318,248046,248046,0.00213661,0.14130433,3.01484489
3319,248046,248046,1.59687663,5.74515854,8.89844704
3320,248046,248046,0.00003953,0.06934420,2.52316713
3321,4880,19820,4.07422617,39.77201722,6.71352005
3322,248046,248046,0.00007348,0.05057907,1.38526738
3323,248046,248046,0.01335103,0.30163369,1.68302155
3324,248046,248046,0.00009543,0.06047843,6.32182550
3325,248046,248046,0.00011921,0.21236095,3.93004227
3326,248046,248046,0.00000900,0.07596587,1.38871360
3327,248046,248046,0.00004554,0.03556672,1.12504506
3328,248046,248046,0.01626684,0.27666472,1.24084473
3329,248046,248046,0.00000995,0.07161322,2.92105007
3330,248046,248046,0.00022812,0.04626715,6.34954071
3331,248046,248046,0.00001844,0.01702152,3.04473233
3332,248046,248046,0.00014491,0.09331030,7.36886168
3333,248046,248046,0.00004808,0.01158586,1.97998118
3334,248046,248046,0.03153191,0.35352911,0.95060205
3335,248046,248046,0.00008336,0.08820048,1.32494760
3336,248046,248046,0.00027271,0.00586449,2.91061068
3337,248046,248046,0.00840062,0.15679785,5.80453777
3338,248046,248046,0.00001273,0.07291300,6.95539856
3339,248046,248046,0.01259636,0.25265776,1.28839111
3340,248046,248046,0.00076694,0.20054828,3.66366291
3341,248046,248046,0.00086704,0.17262046,1.37527990
3342,248046,248046,0.00003555,0.00283070,2.22104120
3343,248046,248046,0.01528439,0.24296881,1.02272940
3344,248046,248046,0.00006029,0.05479880,2.14156055
3345,248046,248046,0.05811196,0.51774244,1.42158270
3346,248046,248046,0.00031710,0.33250291,3.66602135
3347,248046,248046,0.00014784,0.03294926,1.59649324
3348,14717,14717,0.04781478,0.65734684,0.88794780
3349,248046,248046,0.00814087,0.14511954,1.95940852
3350,248046,248046,0.01180548,0.20580176,1.47929120
3351,248046,248046,0.01053835,0.19618513,1.52189469
3352,248046,248046,0.00002326,0.14316487,1.48222303
3353,248046,248046,0.00106207,0.08733991,1.66225171
3354,248046,248046,0.02231655,0.34191195,1.41024423
3355,248046,248046,0.00024960,0.20602689,1.29647636
3356,248046,248046,0.00006378,0.01812606,2.53840375
3357,248046,248046,0.02895781,0.34543482,1.21415234
3358,248046,248046,0.00001708,0.01942472,1.74654984
3359,248046,248046,0.00005650,0.11866617,2.02938080
3360,248046,248046,0.01683363,0.29199589,0.93728316
3361,248046,248046,0.00000507,0.12442958,4.19239426
3362,248046,248046,0.00000740,0.15848573,2.02253962
3363,248046,248046,0.00017128,0.05510422,1.61193693
3364,248046,248046,0.05172772,0.60786571,7.92898417
3365,248046,248046,0.00345993,0.37673166,3.31844997
3366,248046,248046,0.00015010,0.03427653,5.52057552
3367,248046,248046,0.00002779,0.07945964,2.73113608
3368,248046,248046,0.00038706,0.03247715,0.96392971
3369,248046,248046,0.00126869,0.06141504,0.84557784
3370,29858,248046,0.00017361,0.02184707,1.05958056
3371,248046,248046,0.04219054,0.41715417,1.60415745
3372,248046,248046,0.02823988,0.36803647,2.63214207
3373,248046,248046,0.00052692,0.09559484,3.19446969
3374,248046,248046,0.01661561,0.27490385,1.77471542
3375,248046,248046,0.00002946,0.00729737,1.26179957
3376,248046,248046,0.00890917,0.21222749,1.14558411
3377,248046,248046,0.00142277,0.12054410,1.56066656
3378,248046,248046,0.00023039,0.26995344,3.29701042
3379,248046,248046,0.00592711,0.36099256,1.59149361
3380,248046,248046,0.00002181,0.10923176,3.24689555
3381,248046,248046,0.00010504,0.04503937,6.26065922
3382,248046,248046,0.00019055,0.47919430,5.71082020
3383,248046,248046,0.00043039,0.31328399,6.41311264
3384,248046,248046,0.00014078,0.02550085,1.35679173
3385,248046,248046,0.00008568,0.10383497,3.69023585
3386,248046,248046,0.00887043,0.45508560,1.93822098
3387,248046,248046,0.00004647,0.08423279,5.15385866
3388,248046,248046,0.00000431,0.02535161,1.14901161
3389,248046,248046,0.04171455,0.70953149,4.55086708
3390,248046,248046,0.01635724,0.24653701,1.27395129
3391,248046,248046,0.00034180,0.13671004,1.84436226
3392,248046,248046,0.00013292,0.10862652,3.87104607
3393,248046,248046,0.01198706,0.31614584,1.48439121
3394,248046,248046,0.00084481,0.05506439,1.35245645
3395,248046,248046,0.00012585,0.05157951,3.33025455
3396,248046,248046,0.01403546,0.23454267,1.41427851
3397,15,15,0.03715412,0.35574290,1.65985537
3398,248046,248046,0.00046565,0.09624548,1.61250663
3399,248046,248046,0.00525482,0.22198604,1.36873674
3400,248046,248046,0.00011450,0.17523640,3.39735246
3401,248046,248046,0.00007610,0.14775808,2.80585194
3402,248046,248046,0.03210822,0.37652491,1.19868302
3403,248046,16,0.83994280,5.77916854,2.31442547
3404,248046,248046,0.00716678,0.18154309,1.62285209
3405,248046,248046,0.00302445,0.27447740,2.45722675
3406,248046,248046,0.00414797,0.50060549,4.35534096
3407,248046,248046,0.00225191,0.10763156,1.17166114
3408,248046,248046,0.00061788,0.48661638,9.76310921
3409,248046,248046,0.43624316,1.83102813,2.63018131
3410,248046,248046,0.03676513,0.38988091,1.38074684
3411,248046,248046,0.00066821,0.04967885,1.69966042
3412,248046,248046,0.00273995,0.15019099,2.31476140
3413,248046,248046,0.00071214,0.08419758,1.35071731
3414,248046,248046,0.00038303,0.15347022,4.91539097
3415,248046,248046,0.00002215,0.00906684,1.55874944
3416,248046,248046,0.00088393,0.27810321,9.88993835
3417,248046,248046,0.01194383,0.21855032,1.06854606
3418,248046,248046,0.00000769,0.01552044,0.71554232
3419,248046,248046,0.00009209,0.04609970,2.19403648
3420,248046,248046,0.00039024,0.14669488,1.23887467
3421,248046,248046,0.00077276,0.06698598,1.67789936
3422,248046,248046,0.00013684,0.02883490,7.48457289
3423,248046,248046,0.00010099,0.06832580,3.06620336
3424,248046,248046,0.00044919,0.08940038,2.53659010
3425,248046,248046,0.00012148,0.26322696,2.67613077
3426,248046,248046,0.00001356,0.00594919,1.16707206
3427,248046,248046,0.00001656,0.10497098,3.76462603
3428,248046,248046,0.00041694,0.10846501,1.28698707
3429,248046,248046,0.04159498,0.90775021,4.57343292
3430,248046,248046,0.00000135,0.04540033,1.50049853
3431,248046,248046,0.00023830,0.04890886,1.43148923
3432,248046,248046,0.00004893,0.14000048,1.75349569
3433,248046,248046,0.16202128,3.34555424,12.74057770
3434,248046,248046,0.00001732,0.00616365,4.70235348
3435,248046,248046,0.00012548,0.08025334,5.50094604
3436,248046,248046,0.00003860,0.02078218,1.83018208
3437,248046,248046,0.00051743,0.02618512,3.68288255
3438,248046,248046,0.00020025,0.26343991,2.76118088
3439,248046,248046,0.00009654,0.03154331,4.36527157
3440,248046,248046,0.34767520,0.50068053,3.50734162
3441,248046,248046,0.01498850,0.45385163,2.48489213
3442,248046,248046,0.00042126,0.08629556,0.97365189
3443,248046,248046,0.00000198,0.04677378,1.45011497
3444,248046,248046,0.00001495,0.01868786,1.53386784
3445,248046,248046,0.00005003,0.17688135,6.57899523
3446,248046,248046,0.00710230,0.16857573,1.18983984
3447,248046,248046,0.00001478,0.32054793,4.32901096
3448,248046,248046,0.03590714,0.60482784,5.50461340
3449,248046,248046,0.00001360,0.28248354,4.34211254
3450,248046,248046,0.00003976,0.12330178,3.18059993
3451,248046,248046,0.15943766,1.82490238,7.29166412
3452,248046,248046,0.00002407,0.05312217,3.50216842
3453,248046,248046,0.00624034,0.15782144,1.88455343
3454,248046,248046,0.00058854,0.14278120,2.20511436
3455,248046,248046,0.00012797,0.24671073,3.42265129
3456,248046,248046,0.00031784,0.12947400,1.20520663
3457,248046,248046,0.00002008,0.08280129,1.72858620
3458,248046,248046,0.00002410,0.00589097,2.03716469
3459,248046,248046,0.00020244,0.04485086,9.46279907
3460,248046,248046,0.00010224,0.09304293,2.19306064
3461,248046,248046,0.00929099,1.14305179,10.53668213
3462,248046,248046,0.00007850,0.01193899,2.22373271
3463,248046,248046,0.00047817,0.09151397,1.23166776
3464,248046,248046,0.00017649,0.48938409,8.14757156
3465,248046,248046,0.00000303,0.40361839,6.63927078
3466,248046,248046,0.00036050,0.11083864,11.35551071
3467,248046,248046,0.00593259,0.66990358,10.55993938
3468,248046,248046,0.00001931,0.26504023,3.16718006
3469,248046,248046,0.00000052,0.11062539,2.20949936
3470,248046,248046,0.00000694,0.07855983,1.84440875
3471,248046,248046,0.00000233,0.00985151,1.40752888
3472,248046,248046,0.00029605,0.43612568,3.78703403
3473,248046,248046,0.00447747,0.11485226,0.95173210
3474,248046,248046,0.01090995,0.58402258,7.99788046
3475,248046,248046,0.00032391,0.35500196,3.50972271
3476,248046,248046,0.00415076,0.32042094,4.24654722
3477,248046,248046,0.00002012,0.05690578,10.19546318
3478,248046,248046,0.00001405,0.06326241,2.17614317
3479,248046,248046,0.00103240,0.10363915,1.34200466
3480,248046,248046,0.00000216,0.00176955,7.75497103
3481,248046,248046,0.00004360,0.10942731,2.78807664
3482,248046,248046,0.00002252,0.17549691,1.58487892
3483,248046,248046,0.00000855,0.07312023,1.82227206
3484,248046,248046,0.00000048,0.23182994,5.10692692
3485,248046,248046,0.00000618,0.14222120,5.31304932
3486,248046,248046,0.00104030,0.16916422,3.38676167
3487,248046,248046,0.00010344,0.08460733,2.42531919
3488,248046,248046,0.00026575,0.08565344,5.87871218
3489,248046,248046,0.00000119,0.03420681,1.68591022
3490,248046,248046,0.00005869,0.26605430,3.03107643
3491,248046,248046,0.00002256,0.01262562,2.61615086
3492,248046,248046,0.19142897,0.73268176,7.25088596
3493,248046,248046,0.00060624,0.05925928,1.56755626
3494,248046,248046,0.00000327,0.04720618,1.40184784
3495,248046,248046,0.00001521,0.10362181,1.78565288
3496,248046,248046,0.00509893,0.28097638,1.56397223
3497,248046,248046,0.00000064,0.00393672,1.17595100
3498,248046,248046,0.00271105,0.16501706,4.36501646
3499,248046,248046,0.00121238,0.06381393,1.21394157
3500,248046,248046,0.00019726,0.02218654,2.30801392
3501,248046,248046,0.00011547,0.26656107,2.53539371
3502,248046,248046,0.00011009,0.09494155,1.33704066
3503,248046,248046,0.00003707,0.02799975,1.87523746
3504,248046,248046,0.00000885,0.00599555,1.53593278
3505,248046,248046,0.00000058,0.00162798,1.66086566
3506,248046,248046,0.00223251,0.12949025,1.91308641
3507,248046,248046,0.00030873,0.29928284,2.11702204
3508,248046,248046,0.00190747,0.31810981,6.28009319
3509,248046,248046,0.00027928,0.20145507,7.53662395
3510,248046,248046,0.00000268,0.01023193,1.19775558
3511,248046,248046,0.00035354,0.39969810,4.96610594
3512,248046,248046,0.00083324,0.07348405,3.82554531
3513,248046,248046,0.00000387,0.00261916,1.27958286
3514,248046,248046,0.00198245,0.23030670,5.58418751
3515,248046,248046,0.00008139,0.03803401,1.45366907
3516,248046,248046,0.00004455,0.06621646,1.21177006
3517,248046,248046,0.00064312,0.31987713,3.47311950
3518,248046,248046,0.00000407,0.03114427,0.66145468
3519,248046,248046,0.00000945,0.01605820,1.71336126
3520,248046,248046,0.00424640,0.20129868,1.02261567
3521,248046,248046,0.00039615,0.05815488,0.90592670
3522,248046,248046,0.00665735,0.17733668,1.00402355
3523,248046,248046,0.00000016,0.03240988,1.31515265
3524,248046,248046,0.00001595,0.08357841,1.25726795
3525,248046,248046,0.00023055,0.05561591,3.55469275
3526,248046,248046,0.00007134,0.05586446,6.31235600
3527,248046,248046,0.00018546,0.01664258,2.65209770
3528,248046,248046,0.00001630,0.11087985,2.91936040
3529,248046,248046,0.00000406,0.02594167,1.05005288
3530,248046,248046,0.00002589,0.17167937,2.53660297
3531,248046,248046,0.00018254,0.32046603,6.34652901
3532,248046,248046,0.00006500,0.45410013,5.08915043
3533,248046,248046,0.00024585,0.83617749,7.27720547
3534,248046,248046,0.00003563,0.07989427,2.38481426
3535,248046,248046,0.00000124,0.00665182,1.19502258
3536,248046,248046,0.00001515,0.01102341,3.31174397
3537,248046,248046,0.00015730,0.01932724,3.79201412
3538,248046,248046,0.00002597,0.04841660,4.16944790
3539,248046,248046,0.02712745,1.54238550,11.55260468
3540,248046,248046,0.00014478,0.00446070,3.22014427
3541,248046,248046,0.00049017,0.14585336,1.59157205
3542,248046,248046,0.00043913,0.34640175,1.88910961
3543,248046,248046,0.10344795,1.00080766,4.89717817
3544,248046,248046,0.00350122,0.68820841,4.76181602
3545,248046,248046,0.00135823,0.34961657,3.14961147
3546,248046,248046,0.00000666,0.02979152,1.12553382
3547,248046,248046,0.00001161,0.19355625,4.41378021
3548,248046,248046,0.00001451,0.03407601,6.75627565
3549,248046,248046,0.00002715,0.11608768,7.19838238
3550,248046,248046,0.00401369,0.17179933,1.06509221
3551,248046,248046,0.00009540,0.05886232,1.68800044
3552,248046,248046,0.00004767,0.10719548,3.28627634
3553,248046,248046,0.00000160,0.22111451,6.75564241
3554,248046,248046,0.00031960,0.53799515,4.74537945
3555,248046,248046,0.00179668,0.26412228,2.17453885
3556,248046,248046,0.58780362,2.43411724,3.25793290
3557,248046,248046,0.03578781,0.45962197,6.92115307
3558,248046,248046,0.00069349,0.63907948,6.41057968
3559,248046,248046,0.04811848,1.50728364,8.41979980
3560,248046,248046,0.00000346,0.05768306,2.10218573
3561,248046,248046,0.00000738,0.03751517,3.77298880
3562,248046,248046,0.00000234,0.03839486,6.00095320
3563,248046,248046,0.00000189,0.04368595,2.55919909
3564,248046,248046,0.00000865,0.03025545,3.60442543
3565,248046,248046,0.00049590,0.22286225,7.54240799
3566,248046,248046,0.00005882,0.03407627,1.86455512
3567,248046,248046,0.00012932,0.10235959,1.50970936
3568,248046,248046,0.00001684,0.08408594,7.00288010
3569,248046,248046,0.00000294,0.30425018,5.52578068
3570,248046,248046,0.00031459,0.84299064,7.19838428
3571,248046,248046,0.00001298,0.11016752,3.26120138
3572,248046,248046,0.00002171,0.05260651,1.44599414
3573,248046,248046,0.00002983,0.07598802,5.87437153
3574,248046,248046,0.00000021,0.06690775,1.48885036
3575,248046,248046,0.00029623,0.33678656,9.14950180
3576,248046,248046,0.00000452,0.18469721,3.65552878
3577,248046,248046,0.00008737,0.02125233,1.21746135
3578,248046,248046,0.00005052,0.06028097,7.64523840
3579,248046,248046,0.00000176,0.01444388,4.88316011
3580,248046,248046,0.00000850,0.11876122,2.29552269
3581,248046,248046,0.00004593,0.03198283,3.19474745
3582,248046,248046,0.00000254,0.02129628,2.08966494
3583,248046,248046,0.00076377,0.16453116,1.50284553
3584,248046,248046,0.00014641,0.18442281,8.84154701
3585,248046,248046,0.00000776,0.08552227,2.62572503
3586,248046,248046,0.00000195,0.08815631,2.53780270
3587,248046,248046,0.00003621,0.27584327,2.61958122
3588,248046,248046,0.00000027,0.01303732,2.13488722
3589,248046,248046,0.06955082,1.02016655,5.13737297
3590,248046,248046,0.00018137,0.06529090,1.56983805
3591,248046,248046,0.00002033,0.02993134,1.45891905
3592,248046,248046,0.00810056,0.48760190,6.52486706
3593,248046,248046,0.00000522,0.07164019,1.80416298
3594,248046,248046,0.00036742,0.13671047,1.59226298
3595,248046,248046,0.00000920,0.13465920,2.45090437
3596,248046,248046,0.00431934,0.19601345,3.52000737
3597,248046,248046,0.01117160,0.32916471,1.51415706
3598,248046,248046,0.00209746,0.43279431,9.15572071
3599,248046,248046,0.00000104,0.04224995,2.94540262
3600,248046,248046,0.00266426,0.28397279,1.60509586
3601,248046,248046,0.00001009,0.06071607,1.17651081
3602,248046,248046,0.00001808,0.07842218,2.06053662
3603,248046,248046,0.00128317,0.10484202,1.33320236
3604,248046,248046,0.00021971,0.07768863,1.50437689
3605,248046,248046,0.00002636,0.12486771,3.02443457
3606,248046,248046,0.00001689,0.11534316,1.86011720
3607,248046,248046,0.00000795,0.04114668,2.13062334
3608,248046,248046,0.00000753,0.09420453,3.43669796
3609,248046,248046,0.00072066,0.22851273,1.80675542
3610,248046,248046,0.00022559,0.10808638,3.73095608
3611,248046,248046,0.00000074,0.00103330,3.10072255
3612,248046,248046,0.00000802,0.07662696,2.08826017
3613,248046,248046,0.00002187,0.14725957,1.96227217
3614,248046,248046,0.00001739,0.15511374,1.45042610
3615,248046,248046,0.00001561,0.08396198,1.57969594
3616,248046,248046,0.00691308,0.48705270,3.52752161
3617,248046,248046,0.00028036,0.06851949,1.07361865
3618,248046,248046,0.00256729,0.19600400,5.63865566
3619,248046,248046,0.00012026,0.18025154,2.26589561
3620,248046,248046,0.00000341,0.09381839,1.44780922
3621,248046,248046,0.00003741,0.06288934,1.84915495
3622,248046,248046,0.00008386,0.06755815,2.12562346
3623,248046,248046,0.00285976,0.33516328,6.93130302
3624,248046,248046,0.00034263,0.09711698,1.56570530
3625,248046,248046,0.00018162,0.10672885,1.49924576
3626,248046,248046,0.00000898,0.11531629,1.50880849
3627,248046,248046,0.00001469,0.15017481,1.55971265
3628,248046,248046,0.00001887,0.05735301,1.63440311
3629,248046,248046,0.00000806,0.05210395,2.25305700
3630,248046,248046,0.00003760,0.58247755,6.39191246
3631,248046,248046,0.00004352,0.11603533,4.86188412
3632,248046,248046,0.00001546,0.07730508,2.36989212
3633,248046,248046,0.00000224,0.09143062,2.61862898
3634,248046,248046,0.00022192,0.42661924,5.85286427
3635,248046,248046,0.00033844,0.46773143,5.55928040
3636,248046,248046,0.00000822,0.36732303,9.40646553
3637,248046,248046,0.00003758,0.47024256,3.47949600
3638,248046,248046,0.00000003,0.07765400,1.55019736
3639,248046,248046,0.00013844,0.29788219,4.10021400
3640,248046,248046,0.00008168,0.28338062,4.52188683
3641,248046,248046,0.00001090,0.00942476,7.20390654
3642,248046,248046,0.00000255,0.17244625,2.18206215
3643,248046,248046,0.00000890,0.02720528,2.85190916
3644,248046,248046,0.00003319,0.15246326,2.78651619
3645,248046,248046,0.00000059,0.03530847,1.80132532
3646,248046,248046,0.00000104,0.07048385,1.93152571
3647,248046,248046,0.00003396,0.17816632,3.87855911
3648,248046,248046,0.00000978,0.36825210,5.97138596
3649,248046,248046,0.00000008,0.06838515,1.52977180
3650,248046,248046,0.00002848,0.14632530,2.58946037
3651,248046,248046,0.00000641,0.07831844,1.60873842
3652,248046,248046,0.00000852,0.02138947,6.81898499
3653,248046,248046,0.00002644,0.06410154,1.08441746
3654,248046,248046,0.00030248,0.43315689,6.90668678
3655,248046,248046,0.00001082,0.04011241,3.98347998
3656,248046,248046,0.00014563,0.02910690,2.56008196
3657,248046,248046,0.00000566,0.06448458,1.73071742
3658,248046,248046,0.00000747,0.07640741,1.85303593
3659,248046,248046,0.00075119,0.33807613,3.96188259
3660,248046,248046,0.00000501,0.03860990,1.45927668
3661,248046,248046,0.00022762,0.26924389,2.87743282
3662,248046,248046,0.00018506,0.18614128,1.99818206
3663,248046,248046,0.00075065,0.38479185,3.35774517
3664,248046,248046,0.00000000,0.01338678,2.09019852
3665,248046,248046,0.00000216,0.16151605,3.66354656
3666,248046,248046,0.00001484,0.24377768,4.75980282
3667,248046,248046,0.00001035,0.18287375,1.70678091
3668,248046,248046,0.00000214,0.19614535,3.87565804
3669,248046,248046,0.00002290,0.20058560,6.67108059
3670,248046,248046,0.00000322,0.07221065,1.64874506
3671,248046,248046,0.00022821,0.32124898,8.39766693
3672,248046,248046,0.00000122,0.19300247,2.87750721
3673,248046,248046,0.00003711,0.13672815,2.39250231
3674,248046,248046,0.00070671,0.21290996,1.52538514
3675,248046,248046,0.00001945,0.19384499,2.50875473
3676,248046,248046,0.00001009,0.11160099,3.20587587
3677,248046,248046,0.00000003,0.09826956,1.71697640
3678,248046,248046,0.00000892,0.09500339,1.67692852
3679,248046,248046,0.00002119,0.05792664,1.74625921
3680,248046,248046,0.00099033,0.17201584,1.67232919
3681,248046,248046,0.00017378,0.08986378,4.16904259
3682,248046,248046,0.00001149,0.08015032,4.73302746
3683,248046,248046,0.00000614,0.15706779,6.50942230
3684,248046,248046,0.00028480,0.52412379,10.53092766
3685,248046,248046,0.00000044,0.10040534,5.30116940
3686,248046,248046,0.00014643,0.26530331,2.11489296
3687,248046,248046,0.00000268,0.12666643,1.59662390
3688,248046,248046,0.00000868,0.08973294,2.16054535
3689,248046,248046,0.00000006,0.05705177,1.76923668
3690,248046,248046,0.00000137,0.11835797,3.52099371
3691,248046,248046,0.00000047,0.07732110,2.72909546
3692,248046,248046,0.00027572,0.29416663,3.85897589
3693,248046,248046,0.00000049,0.00538273,1.49620378
3694,248046,248046,0.00002177,0.11094239,1.53733218
3695,248046,248046,0.00012680,0.12102944,5.76250601
3696,248046,248046,0.00000066,0.15157821,1.99191070
3697,248046,248046,0.00002943,0.12858103,7.16676140
3698,248046,248046,0.00000176,0.22732152,4.46404266
3699,248046,248046,0.00157951,0.36154756,3.12282753
3700,248046,248046,0.00032193,0.18935008,1.70786572
3701,248046,248046,0.00000264,0.01842625,3.44721174
3702,248046,248046,0.00000346,0.20894603,6.12861729
3703,248046,248046,0.00003348,0.09313757,1.44878983
3704,248046,248046,0.00010219,0.18653858,1.55407572
3705,248046,248046,0.00000665,0.09107483,6.12740612
3706,248046,248046,0.00121901,0.22024462,1.72986543
3707,248046,248046,0.00071931,0.19378269,1.90267801
3708,248046,248046,0.00002254,0.52172670,4.36045074
3709,248046,248046,0.00000088,0.10651194,1.69614410
3710,248046,248046,0.00001338,0.08912033,1.77143574
3711,248046,248046,0.00000178,0.06337355,1.04175043
3712,248046,248046,0.00002713,0.11253741,1.76089406
3713,248046,248046,0.00001879,0.04428338,1.97145939
3714,248046,248046,0.00000256,0.02800674,3.35183191
3715,248046,248046,0.00007788,0.38989148,7.79736185
3716,248046,248046,0.00006377,0.03725618,5.33082533
3717,248046,248046,0.00000013,0.06920850,1.35970592
3718,248046,248046,0.00012694,0.46373444,3.62855721
3719,248046,248046,0.00000684,0.01019261,2.59261632
3720,248046,248046,0.00000288,0.01636881,1.38543081
3721,248046,248046,0.00026991,0.15439829,2.08371687
3722,248046,248046,0.00016029,0.10552740,7.33750105
3723,248046,248046,0.00000089,0.10965531,1.90159559
3724,248046,248046,0.00003071,0.11022485,1.88401318
3725,248046,248046,0.00044853,0.57869331,4.75599480
3726,248046,248046,0.00006587,0.07877839,1.98223829
3727,248046,248046,0.00003007,0.08626679,1.09873378
3728,248046,248046,0.00003486,0.11348839,1.36781120
3729,248046,248046,0.00030268,0.09783302,1.77443886
3730,248046,248046,0.00000003,0.07832594,1.60693693
3731,248046,248046,0.00000257,0.15757882,1.74104309
3732,248046,248046,0.00000181,0.00720609,1.90317678
3733,248046,248046,0.00010240,0.47373721,4.62186432
3734,248046,248046,0.00000794,0.04077181,2.32160902
3735,248046,248046,0.00000015,0.07619999,2.64744139
3736,248046,248046,0.00005866,0.18417315,1.57524872
3737,248046,248046,0.00000365,0.05606021,2.13094640
3738,248046,248046,0.00034956,0.46268349,4.42152357
3739,248046,248046,0.00000936,0.21470962,4.32638168
3740,248046,248046,0.00000225,0.05388101,2.26517415
3741,248046,248046,0.00008128,0.37316348,4.70017958
3742,248046,248046,0.00000000,0.02926026,1.43758488
3743,248046,248046,0.00001452,0.19118672,5.80818748
3744,248046,248046,0.00084999,0.98652816,13.45459747
3745,248046,248046,0.00000447,0.03704706,2.58196068
3746,248046,248046,0.00015300,0.14114361,9.76976967
3747,248046,248046,0.00022498,0.26917955,2.32205367
3748,248046,248046,0.00005731,0.34254131,9.39479828
3749,248046,248046,0.00000040,0.17892316,2.61340618
3750,248046,248046,0.00000312,0.03890886,7.26642847
3751,248046,248046,0.00000001,0.01401717,3.17010117
3752,248046,248046,0.00000332,0.19300172,3.75152588
3753,248046,248046,0.00000001,0.04334960,1.33303022
3754,248046,248046,0.00000072,0.07527008,3.95467281
3755,248046,248046,0.00008962,0.43610597,8.48700142
3756,248046,248046,0.00002134,0.22709357,4.85627365
3757,248046,248046,0.00000620,0.05567648,1.24212551
3758,248046,248046,0.00000037,0.07855706,1.42939758
3759,248046,248046,0.00000840,0.09627873,1.97254848
3760,248046,248046,0.00158018,0.34549395,2.83137512
3761,248046,248046,0.00002177,0.13797950,3.34291077
3762,248046,248046,0.00000150,0.05844700,1.79873514
3763,248046,248046,0.00006594,0.37516270,6.09083366
3764,248046,248046,0.00000447,0.00906243,6.58116627
3765,248046,248046,0.00000244,0.18897557,2.94599056
3766,248046,248046,0.00003479,0.11461442,1.82323337
3767,248046,248046,0.00000885,0.21920393,8.10299397
3768,248046,248046,0.00000005,0.02302930,2.48154688
3769,248046,248046,0.00000133,0.07441483,2.97443676
3770,248046,248046,0.00053579,0.66522297,6.60650682
3771,248046,248046,0.00000294,0.22992785,5.99978781
3772,248046,248046,0.00004097,0.41858305,6.00667572
3773,248046,248046,0.00000111,0.04332049,3.23096323
3774,248046,248046,0.00001508,0.04531114,3.15583277
3775,248046,248046,0.00004184,0.14286016,5.04366922
3776,248046,248046,0.00000414,0.39093061,5.71662712
3777,248046,248046,0.00338771,0.78742741,7.33966637
3778,248046,248046,0.00000147,0.01459128,1.80569243
3779,248046,248046,0.00004471,0.20177437,5.70568419
3780,248046,248046,0.00004934,0.28936525,5.00336838
3781,248046,248046,0.00000000,0.06504138,1.88516378
3782,248046,248046,0.00000014,0.07382788,2.19725990
3783,248046,248046,0.00001103,0.24311140,1.91280127
3784,248046,248046,0.00017187,0.08458009,1.37306499
3785,248046,248046,0.00036800,0.16406934,3.77059746
3786,248046,248046,0.00000049,0.08721691,1.25068808
3787,248046,248046,0.00000046,0.12777680,3.97819328
3788,248046,248046,0.00003983,0.13929306,3.68590403
3789,248046,248046,0.00000174,0.10944124,4.69032812
3790,248046,248046,0.00004070,0.23664950,2.33742142
3791,248046,248046,0.00000023,0.09294466,1.98458338
3792,248046,248046,0.00001379,0.04831592,8.46762180
3793,248046,248046,0.00000013,0.11968137,1.83782816
3794,248046,248046,0.00000023,0.08646766,2.44997597
3795,248046,248046,0.00000249,0.24593773,3.04194069
3796,248046,248046,0.00000021,0.01031767,3.54254150
3797,248046,248046,0.00050431,0.39675298,3.94082069
3798,248046,248046,0.00003855,0.09589526,1.69420767
3799,248046,248046,0.00044007,0.18118599,5.45381165
3800,248046,248046,0.00000014,0.07709672,1.59545124
3801,248046,248046,0.00000408,0.04792506,2.60441375
3802,248046,248046,0.00000099,0.03309835,1.39192867
3803,248046,248046,0.00056835,0.32177426,5.09151268
3804,248046,248046,0.00000076,0.00313823,1.36982167
3805,248046,248046,0.00005378,0.20106090,2.85744190
3806,248046,248046,0.00035667,0.59567117,8.12164497
3807,248046,248046,0.00007531,0.12590333,1.47679472
3808,248046,248046,0.00001394,0.05673994,1.64082241
3809,248046,248046,0.00141514,0.23911838,4.34538364
3810,248046,248046,0.00000096,0.00522040,1.92999315
3811,248046,248046,0.00006076,0.00853875,5.30703545
3812,248046,248046,0.00000815,0.03831381,5.60851097
3813,248046,248046,0.00000018,0.08983242,1.82075071
3814,248046,248046,0.00014239,0.19968165,2.47629356
3815,248046,248046,0.00009137,0.09447040,0.93327582
3816,248046,248046,0.00002165,0.09142593,1.53914762
3817,248046,248046,0.00017591,0.09631701,3.66468501
3818,248046,248046,0.00000482,0.04660866,4.57659340
3819,248046,248046,0.00018438,0.16858374,1.68685436
3820,248046,248046,0.00041010,0.12071992,6.68237305
3821,248046,248046,0.00000004,0.04358570,1.52950072
3822,248046,248046,0.00000054,0.16170684,5.04173279
3823,248046,248046,0.00063959,0.25216988,2.20900106
3824,248046,248046,0.00000090,0.00697081,1.15934634
3825,248046,248046,0.00018221,0.06826175,2.65179205
3826,248046,248046,0.00002053,0.09200964,6.11716652
3827,248046,248046,0.00000000,0.00400221,1.87786460
3828,248046,248046,0.00002220,0.00610922,2.96339893
3829,248046,248046,0.00000487,0.09846395,6.40047884
3830,248046,248046,0.00104195,0.35639883,5.02472782
3831,248046,248046,0.00013602,0.07619844,1.09950018
3832,248046,248046,0.00038578,0.08116132,1.18930948
3833,248046,248046,0.00060222,0.12527581,1.64509010
3834,248046,248046,0.00000000,0.03904010,1.48519957
3835,248046,248046,0.00000190,0.11488392,1.55145860
3836,248046,248046,0.00000015,0.01494532,1.90050960
3837,248046,248046,0.00003420,0.27449608,2.86295795
3838,248046,248046,0.00050039,0.47593059,10.97111511
3839,248046,248046,0.00004681,0.06133235,2.57336187
3840,248046,248046,0.00001883,0.15307080,1.51533246
3841,248046,248046,0.00008564,0.19796236,5.39744568
3842,248046,248046,0.00000198,0.19069850,4.10455036
3843,248046,248046,0.00000464,0.04072305,1.91060412
3844,248046,248046,0.00009904,0.27703025,7.70958805
3845,248046,248046,0.00000000,0.00814637,1.54593205
3846,248046,248046,0.00000399,0.22085150,3.45683002
3847,248046,248046,0.00015177,0.29871598,2.76951218
3848,248046,248046,0.00000885,0.13776322,2.53343725
3849,248046,248046,0.00000388,0.35872266,8.46147346
3850,248046,248046,0.00000965,0.14089060,3.13905716
3851,248046,248046,0.00001864,0.13202503,1.79485416
3852,248046,248046,0.00000201,0.08519484,2.11384344
3853,248046,248046,0.00000251,0.02605249,2.78570795
3854,248046,248046,0.00009603,0.07315566,2.06805158
3855,248046,248046,0.00000356,0.08812958,2.95229697
3856,248046,248046,0.00000001,0.03051539,1.38974595
3857,248046,248046,0.00001185,0.00684772,6.14580774
3858,248046,248046,0.00004658,0.16170227,1.46311951
3859,248046,248046,0.00001283,0.02444580,3.09195185
3860,248046,248046,0.00000007,0.00354735,1.06740856
3861,248046,248046,0.00000037,0.02198531,2.21832609
3862,248046,248046,0.00000063,0.03073953,2.19852686
3863,248046,248046,0.00000827,0.03822826,2.71144533
3864,248046,248046,0.00000466,0.15669827,2.54605579
3865,248046,248046,0.00046168,0.13618542,6.66692781
3866,248046,248046,0.00056651,0.72016499,5.64903355
3867,248046,248046,0.00000003,0.00255063,1.69470620
3868,248046,248046,0.00001823,0.31832082,5.56081247
3869,248046,248046,0.00000532,0.04484490,2.47277451
3870,248046,248046,0.00004502,0.18791052,2.63517570
3871,248046,248046,0.00000000,0.05089128,1.99883533
3872,248046,248046,0.00000007,0.06484036,3.80048847
3873,248046,248046,0.00000943,0.06221542,3.55161619
3874,248046,248046,0.00002182,0.55683318,8.42451096
3875,248046,248046,0.00000813,0.04525785,1.86958003
3876,248046,248046,0.00004166,0.11564779,2.92538404
3877,248046,248046,0.00000026,0.03433759,1.18216324
3878,248046,248046,0.00000722,0.17824756,2.37794685
3879,248046,248046,0.00050461,1.19406148,13.43135452
3880,248046,248046,0.00001541,0.39874875,6.64078236
3881,248046,248046,0.00001987,0.09798029,1.34937572
3882,248046,248046,0.00000130,0.04524845,3.07468271
3883,248046,248046,0.00000991,0.13045170,1.53619587
3884,248046,248046,0.00000000,0.05659583,1.52893901
3885,248046,248046,0.00000466,0.09121100,2.81420660
3886,248046,248046,0.00004573,0.51475490,6.19557762
3887,248046,248046,0.00002974,0.03835019,1.28140342
3888,248046,248046,0.00103953,0.62999490,4.76981354
3889,248046,248046,0.00001465,0.10976049,5.62572193
3890,248046,248046,0.00000016,0.03788321,1.90059519
3891,248046,248046,0.00000277,0.17976479,5.67108727
3892,248046,248046,0.00000119,0.00037882,2.26287365
3893,248046,248046,0.00001973,0.18091533,1.94165611
3894,248046,248046,0.00000003,0.13775436,3.93293953
3895,248046,248046,0.00000247,0.02213412,1.88660622
3896,248046,248046,0.00000000,0.02131981,1.52372122
3897,248046,248046,0.00000139,0.11680225,2.25589609
3898,248046,248046,0.00000001,0.01015966,3.97384191
3899,248046,248046,0.00045912,0.45000646,8.07321548
3900,248046,248046,0.00000993,0.06897812,1.79661083
3901,248046,248046,0.00000269,0.02695428,2.52051878
3902,248046,248046,0.00061315,0.41165011,6.33421516
3903,248046,248046,0.00000000,0.00296713,1.73309326
3904,248046,248046,0.00000068,0.00351015,5.08116150
3905,248046,248046,0.00000038,0.02474145,3.25603962
3906,248046,248046,0.00001290,0.02715684,1.84954453
3907,248046,248046,0.00003573,0.04100651,1.44241571
3908,248046,248046,0.00002851,0.08734560,2.47504568
3909,248046,248046,0.00013624,0.50791642,6.27168846
3910,248046,248046,0.00015693,0.17411116,1.56365359
3911,248046,248046,0.00000045,0.01985995,1.16943514
3912,248046,248046,0.00000169,0.16761153,3.83702564
3913,248046,248046,0.00008767,0.06527221,4.59352160
3914,248046,248046,0.00001647,0.01768060,5.02439308
3915,248046,248046,0.00000604,0.16902545,3.18013763
3916,248046,248046,0.00000002,0.02496787,1.75431442
3917,248046,248046,0.00006117,0.24569320,5.53874159
3918,248046,248046,0.00003939,0.11671761,1.46542120
3919,248046,248046,0.00000493,0.06489970,1.77380526
3920,248046,248046,0.00394623,0.35728105,6.82830620
3921,248046,248046,0.00000041,0.00206210,1.61690450
3922,248046,248046,0.00000849,0.06947987,1.92513776
3923,248046,248046,0.00001943,0.00885993,5.01057005
3924,248046,248046,0.00000035,0.07790451,1.50690651
3925,248046,248046,0.00005892,0.09666491,5.14516830
3926,248046,248046,0.00005340,0.21539810,2.06248474
3927,248046,248046,0.00006981,0.07159578,1.49793243
3928,248046,248046,0.00047625,0.13410177,1.35878265
3929,248046,248046,0.00018571,0.30945516,6.20731544
3930,248046,248046,0.00000001,0.00233875,1.74817991
3931,248046,248046,0.00001251,0.16252213,3.40951347
3932,248046,248046,0.00004585,0.04619308,6.48081303
3933,248046,248046,0.00002832,0.07394500,1.27230978
3934,248046,248046,0.00000129,0.00839790,1.24786520
3935,248046,248046,0.00000457,0.02761909,1.26284742
3936,248046,248046,0.00000002,0.08817289,1.83427954
3937,248046,248046,0.00000008,0.04724314,1.54295075
3938,248046,248046,0.00003186,0.17017352,5.41452980
3939,248046,248046,0.00002075,0.08036054,9.15173340
3940,248046,248046,0.00001999,0.11068705,1.72028732
3941,248046,248046,0.00021855,0.31999990,6.65383291
3942,248046,248046,0.00000170,0.16927811,3.80201864
3943,248046,248046,0.00000603,0.15791360,7.16726398
3944,248046,248046,0.00000720,0.12935835,1.69131088
3945,248046,248046,0.00000120,0.02085706,2.28917956
3946,248046,248046,0.00006157,0.08542170,1.50023413
3947,248046,248046,0.00009386,0.08024447,7.78822899
3948,248046,248046,0.00000000,0.02257712,1.52818656
3949,248046,248046,0.00000216,0.07500896,8.02735901
3950,248046,248046,0.00023892,0.61032056,12.99375916
3951,248046,248046,0.00000311,0.05055343,5.12785578
3952,248046,248046,0.00000811,0.17678160,3.93609595
3953,248046,248046,0.00000770,0.06374258,1.38636494
3954,248046,248046,0.00125882,0.15078298,12.90349102
3955,248046,248046,0.00000097,0.00159344,1.36438704
3956,248046,248046,0.00000350,0.06162933,2.33297801
3957,248046,248046,0.00007169,0.47593349,4.57516146
3958,248046,248046,0.00001072,0.03897018,4.77079773
3959,248046,248046,0.00000001,0.02795555,1.42264032
3960,248046,248046,0.00000069,0.05994468,2.80023718
3961,248046,248046,0.00002873,0.10597582,3.51489568
3962,248046,248046,0.00002606,0.10324648,5.64254856
3963,248046,248046,0.00000063,0.00991333,1.31413460
3964,248046,248046,0.00000294,0.21305423,2.66328716
3965,248046,248046,0.00000484,0.07447124,2.84958935
3966,248046,248046,0.00001893,0.13733928,7.73202085
3967,248046,248046,0.00000753,0.03047835,6.23047495
3968,248046,248046,0.00000302,0.09845039,1.94663715
3969,248046,248046,0.00000559,0.14764371,3.09436321
3970,248046,248046,0.00000853,0.07200319,8.95744133
3971,248046,248046,0.00000211,0.06786703,2.37753129
3972,248046,248046,0.00000294,0.14437904,3.66008568
3973,248046,248046,0.00001946,0.18643367,4.88866901
3974,248046,248046,0.00000968,0.09677888,3.93114662
3975,248046,248046,0.00005388,0.12633418,5.70554447
3976,248046,248046,0.00000015,0.00432979,9.07885075
3977,248046,248046,0.00011608,0.68123121,5.15856743
3978,248046,248046,0.00002097,0.20318489,11.00683403
3979,248046,248046,0.00002216,0.15394016,2.99683857
3980,248046,248046,0.00000081,0.04535205,1.25220132
3981,248046,248046,0.00003204,0.16128167,2.39035892
3982,248046,248046,0.00015381,0.32329083,2.45648599
3983,248046,248046,0.03934919,2.23336949,9.82375526
3984,248046,248046,0.00167381,0.35713927,2.08223724
3985,248046,248046,0.00000200,0.05838765,4.37977886
3986,248046,248046,0.00000909,0.19496595,4.29657602
3987,248046,248046,0.00000001,0.11467701,1.70212555
3988,248046,248046,0.00000623,0.13283346,2.69576025
3989,248046,248046,0.00002710,0.11249657,1.19268417
3990,248046,248046,0.00002460,0.04066364,1.17106235
3991,248046,248046,0.00000233,0.01028545,5.36741495
3992,248046,248046,0.00000725,0.01796897,7.56928349
3993,248046,248046,0.00004072,0.07374518,7.44173622
3994,248046,248046,0.00001779,0.06072624,3.90948057
3995,248046,248046,0.00000406,0.08828798,3.61820626
3996,248046,248046,0.00004391,0.18776790,1.74123383
3997,248046,248046,0.00040649,0.58059057,5.46742058
3998,248046,248046,0.00002045,0.16929656,1.75156832
3999,248046,248046,0.00000023,0.07148890,1.55086768
4000,248046,248046,0.00000010,0.04836256,2.15144420
4001,248046,248046,0.00000001,0.02463848,2.74437666
4002,248046,248046,0.00000327,0.13650909,2.89165497
4003,248046,248046,0.00002211,0.04671593,1.58533525
4004,248046,248046,0.00000752,0.04728428,1.63094711
4005,248046,248046,0.00018714,0.26736922,3.81317735
4006,248046,248046,0.00000004,0.01362921,1.82405746
4007,248046,248046,0.00001438,0.09677084,1.63949442
4008,248046,248046,0.00017244,0.31453202,6.50827789
4009,248046,248046,0.00017435,0.07966368,2.08554125
4010,248046,248046,0.00064628,0.23265922,1.94022965
4011,248046,248046,0.00001294,0.10641858,5.92674875
4012,248046,248046,0.00000118,0.00174884,2.14761782
4013,248046,248046,0.00025861,0.22308389,1.70938873
4014,248046,248046,0.00000286,0.03733695,1.11005569
4015,248046,248046,0.00000089,0.10683206,1.85296345
4016,248046,248046,0.00000827,0.02883322,1.36869133
4017,248046,248046,0.00024157,0.09250329,2.88155031
4018,248046,248046,0.00000647,0.04086156,5.01939964
4019,248046,248046,0.00000004,0.05469625,1.49507666
4020,248046,248046,0.00001381,0.06135269,1.51960778
4021,248046,248046,0.00003334,0.03293228,0.99641466
4022,248046,248046,0.00000095,0.03398075,1.51755595
4023,248046,248046,0.00000251,0.01799995,1.60267735
4024,248046,248046,0.00004623,0.15836893,3.66745234
4025,248046,248046,0.00002593,0.20125933,3.14938068
4026,248046,248046,0.00000891,0.06779400,1.86284566
4027,248046,248046,0.00000012,0.05257230,1.35242867
4028,248046,248046,0.00016276,0.14457128,1.56178617
4029,248046,248046,0.00001548,0.15565525,3.22118115
4030,248046,248046,0.00002098,0.05271119,1.25938559
4031,248046,248046,0.00003812,0.08780826,2.63790178
4032,248046,248046,0.00004315,0.16755385,5.33516312
4033,248046,248046,0.00000000,0.00433218,1.33832932
4034,248046,248046,0.00000781,0.03983092,3.17305732
4035,248046,248046,0.00000603,0.25621779,6.45185947
4036,248046,248046,0.00000429,0.01536867,1.14932370
4037,248046,248046,0.00000678,0.01889727,1.04805219
4038,248046,248046,0.00001269,0.04311893,1.44994831
4039,248046,248046,0.00004096,0.10196221,1.30449367
4040,248046,248046,0.00000005,0.11760027,1.70583344
4041,248046,248046,0.00000005,0.06096229,1.43542564
4042,248046,248046,0.00000088,0.04393634,1.44314814
4043,248046,248046,0.00000088,0.04773723,1.18818426
4044,248046,248046,0.00000109,0.10934039,3.09035444
4045,248046,248046,0.00002982,0.05424278,6.91482830
4046,248046,248046,0.00004254,0.35141293,11.53437233
4047,248046,248046,0.00000268,0.23434210,5.81517315
4048,248046,248046,0.00000048,0.04710761,1.82590652
4049,248046,248046,0.00000304,0.06472797,1.48762774
4050,248046,248046,0.00000021,0.08618632,1.82191014
4051,248046,248046,0.00000413,0.07819430,3.16999388
4052,248046,248046,0.00000000,0.00299349,1.39697099
4053,248046,248046,0.00000004,0.09294555,4.70336151
4054,248046,248046,0.00016751,0.24964234,2.13501596
4055,248046,248046,0.00006655,0.08735203,2.63407040
4056,248046,248046,0.00000386,0.10188130,1.20384657
4057,248046,248046,0.00000305,0.11557632,2.23108482
4058,248046,248046,0.00003674,0.05530546,6.16122103
4059,248046,248046,0.00000094,0.00014305,1.45356989
4060,248046,248046,0.00001315,0.05880756,1.94869995
4061,248046,248046,0.00101848,0.37688859,5.83433628
4062,248046,248046,0.00028430,0.09193654,6.35745811
4063,248046,248046,0.00000002,0.03838256,1.33779776
4064,248046,248046,0.00198287,0.29370511,3.35120487
4065,248046,248046,0.00010813,0.28453643,4.20782757
4066,248046,248046,0.00003754,0.18040275,5.29245949
4067,248046,248046,0.00001340,0.05825073,1.08704662
4068,248046,248046,0.00000046,0.04603599,1.15531564
4069,248046,248046,0.00000486,0.01007665,4.72677994
4070,248046,248046,0.00000098,0.08262201,1.12833595
4071,248046,248046,0.00001043,0.45362338,9.78924179
4072,248046,248046,0.00009542,0.17703938,3.38771439
4073,248046,248046,0.00013109,0.27159106,4.36334324
4074,248046,248046,0.00021628,0.17916228,1.51174927
4075,248046,248046,0.00003659,0.21610748,2.93275166
4076,248046,248046,0.00000356,0.05821104,0.95680952
4077,248046,248046,0.00009786,0.18180756,2.89167786
4078,248046,248046,0.00001435,0.36886513,10.26465797
4079,248046,248046,0.00000455,0.27549060,5.86966085
4080,248046,248046,0.00001580,0.34654603,6.22769213
4081,248046,248046,0.00000387,0.08696934,10.37713242
4082,248046,248046,0.00003787,0.32463750,4.04448366
4083,248046,248046,0.00000755,0.14825443,4.99259233
4084,248046,248046,0.00000010,0.01441314,1.02999759
4085,248046,248046,0.00007041,0.05988701,2.07659650
4086,248046,248046,0.00033031,0.29561063,3.79022288
4087,248046,248046,0.00011575,0.02722880,3.86546326
4088,248046,248046,0.00025585,0.11819396,4.09017038
4089,248046,248046,0.00000796,0.15237622,2.16961288
4090,248046,248046,0.00001401,0.13305806,6.23289156
4091,248046,248046,0.00000000,0.03207485,1.56434703
4092,248046,248046,0.00000329,0.14933465,3.26758289
4093,248046,248046,0.00001944,0.06731247,6.13082695
4094,248046,248046,0.00001271,0.02969175,1.31627464
4095,248046,248046,0.00001101,0.00000000,1.48569965
